station_id,city,heading,hour,is_weekend,share,n_obs,mean_total_veh_h,hw_rank,speed_kmh,lanes,oneway,dist_centre_km,radial_cos,res_behind_km,res_ahead_km,res_asym,major_behind_km,major_ahead_km,major_asym,am_pm_ratio,peak_hour_am,peak_hour_pm,weekend_ratio
06970V72811,trondheim,Oppdal,0,0,0.5372,20,258.4,1.0,80.0,3.0,1.0,4.3360578139326025,-0.9000837914668061,9.91,18.689,-0.3069,5.142,4.998,0.0142,0.8958,7.0,15.0,0.2462
06970V72811,trondheim,Oppdal,0,1,0.5416,8,718.4,1.0,80.0,3.0,1.0,4.3360578139326025,-0.9000837914668061,9.91,18.689,-0.3069,5.142,4.998,0.0142,0.8958,7.0,15.0,0.2462
06970V72811,trondheim,Oppdal,1,0,0.5065,20,159.2,1.0,80.0,3.0,1.0,4.3360578139326025,-0.9000837914668061,9.91,18.689,-0.3069,5.142,4.998,0.0142,0.8958,7.0,15.0,0.2462
06970V72811,trondheim,Oppdal,1,1,0.5028,8,508.0,1.0,80.0,3.0,1.0,4.3360578139326025,-0.9000837914668061,9.91,18.689,-0.3069,5.142,4.998,0.0142,0.8958,7.0,15.0,0.2462
06970V72811,trondheim,Oppdal,2,0,0.4861,20,112.8,1.0,80.0,3.0,1.0,4.3360578139326025,-0.9000837914668061,9.91,18.689,-0.3069,5.142,4.998,0.0142,0.8958,7.0,15.0,0.2462
06970V72811,trondheim,Oppdal,2,1,0.5301,8,365.1,1.0,80.0,3.0,1.0,4.3360578139326025,-0.9000837914668061,9.91,18.689,-0.3069,5.142,4.998,0.0142,0.8958,7.0,15.0,0.2462
06970V72811,trondheim,Oppdal,3,0,0.4475,20,123.7,1.0,80.0,3.0,1.0,4.3360578139326025,-0.9000837914668061,9.91,18.689,-0.3069,5.142,4.998,0.0142,0.8958,7.0,15.0,0.2462
06970V72811,trondheim,Oppdal,3,1,0.5363,8,285.5,1.0,80.0,3.0,1.0,4.3360578139326025,-0.9000837914668061,9.91,18.689,-0.3069,5.142,4.998,0.0142,0.8958,7.0,15.0,0.2462
06970V72811,trondheim,Oppdal,4,0,0.413,20,221.0,1.0,80.0,3.0,1.0,4.3360578139326025,-0.9000837914668061,9.91,18.689,-0.3069,5.142,4.998,0.0142,0.8958,7.0,15.0,0.2462
06970V72811,trondheim,Oppdal,4,1,0.5196,8,210.5,1.0,80.0,3.0,1.0,4.3360578139326025,-0.9000837914668061,9.91,18.689,-0.3069,5.142,4.998,0.0142,0.8958,7.0,15.0,0.2462
06970V72811,trondheim,Oppdal,5,0,0.4175,20,652.5,1.0,80.0,3.0,1.0,4.3360578139326025,-0.9000837914668061,9.91,18.689,-0.3069,5.142,4.998,0.0142,0.8958,7.0,15.0,0.2462
06970V72811,trondheim,Oppdal,5,1,0.5154,8,176.0,1.0,80.0,3.0,1.0,4.3360578139326025,-0.9000837914668061,9.91,18.689,-0.3069,5.142,4.998,0.0142,0.8958,7.0,15.0,0.2462
06970V72811,trondheim,Oppdal,6,0,0.3461,20,3027.7,1.0,80.0,3.0,1.0,4.3360578139326025,-0.9000837914668061,9.91,18.689,-0.3069,5.142,4.998,0.0142,0.8958,7.0,15.0,0.2462
06970V72811,trondheim,Oppdal,6,1,0.3928,8,289.9,1.0,80.0,3.0,1.0,4.3360578139326025,-0.9000837914668061,9.91,18.689,-0.3069,5.142,4.998,0.0142,0.8958,7.0,15.0,0.2462
06970V72811,trondheim,Oppdal,7,0,0.4042,20,5092.6,1.0,80.0,3.0,1.0,4.3360578139326025,-0.9000837914668061,9.91,18.689,-0.3069,5.142,4.998,0.0142,0.8958,7.0,15.0,0.2462
06970V72811,trondheim,Oppdal,7,1,0.4957,8,569.6,1.0,80.0,3.0,1.0,4.3360578139326025,-0.9000837914668061,9.91,18.689,-0.3069,5.142,4.998,0.0142,0.8958,7.0,15.0,0.2462
06970V72811,trondheim,Oppdal,8,0,0.4086,20,3972.5,1.0,80.0,3.0,1.0,4.3360578139326025,-0.9000837914668061,9.91,18.689,-0.3069,5.142,4.998,0.0142,0.8958,7.0,15.0,0.2462
06970V72811,trondheim,Oppdal,8,1,0.5323,8,837.5,1.0,80.0,3.0,1.0,4.3360578139326025,-0.9000837914668061,9.91,18.689,-0.3069,5.142,4.998,0.0142,0.8958,7.0,15.0,0.2462
06970V72811,trondheim,Oppdal,9,0,0.454,20,3027.2,1.0,80.0,3.0,1.0,4.3360578139326025,-0.9000837914668061,9.91,18.689,-0.3069,5.142,4.998,0.0142,0.8958,7.0,15.0,0.2462
06970V72811,trondheim,Oppdal,9,1,0.4959,8,1347.6,1.0,80.0,3.0,1.0,4.3360578139326025,-0.9000837914668061,9.91,18.689,-0.3069,5.142,4.998,0.0142,0.8958,7.0,15.0,0.2462
06970V72811,trondheim,Oppdal,10,0,0.489,20,3080.0,1.0,80.0,3.0,1.0,4.3360578139326025,-0.9000837914668061,9.91,18.689,-0.3069,5.142,4.998,0.0142,0.8958,7.0,15.0,0.2462
06970V72811,trondheim,Oppdal,10,1,0.4785,8,1934.8,1.0,80.0,3.0,1.0,4.3360578139326025,-0.9000837914668061,9.91,18.689,-0.3069,5.142,4.998,0.0142,0.8958,7.0,15.0,0.2462
06970V72811,trondheim,Oppdal,11,0,0.4912,20,3268.2,1.0,80.0,3.0,1.0,4.3360578139326025,-0.9000837914668061,9.91,18.689,-0.3069,5.142,4.998,0.0142,0.8958,7.0,15.0,0.2462
06970V72811,trondheim,Oppdal,11,1,0.4885,8,2404.2,1.0,80.0,3.0,1.0,4.3360578139326025,-0.9000837914668061,9.91,18.689,-0.3069,5.142,4.998,0.0142,0.8958,7.0,15.0,0.2462
06970V72811,trondheim,Oppdal,12,0,0.5075,20,3442.1,1.0,80.0,3.0,1.0,4.3360578139326025,-0.9000837914668061,9.91,18.689,-0.3069,5.142,4.998,0.0142,0.8958,7.0,15.0,0.2462
06970V72811,trondheim,Oppdal,12,1,0.4674,8,2705.0,1.0,80.0,3.0,1.0,4.3360578139326025,-0.9000837914668061,9.91,18.689,-0.3069,5.142,4.998,0.0142,0.8958,7.0,15.0,0.2462
06970V72811,trondheim,Oppdal,13,0,0.5226,20,3754.9,1.0,80.0,3.0,1.0,4.3360578139326025,-0.9000837914668061,9.91,18.689,-0.3069,5.142,4.998,0.0142,0.8958,7.0,15.0,0.2462
06970V72811,trondheim,Oppdal,13,1,0.4793,8,2898.1,1.0,80.0,3.0,1.0,4.3360578139326025,-0.9000837914668061,9.91,18.689,-0.3069,5.142,4.998,0.0142,0.8958,7.0,15.0,0.2462
06970V72811,trondheim,Oppdal,14,0,0.5519,20,4417.8,1.0,80.0,3.0,1.0,4.3360578139326025,-0.9000837914668061,9.91,18.689,-0.3069,5.142,4.998,0.0142,0.8958,7.0,15.0,0.2462
06970V72811,trondheim,Oppdal,14,1,0.4793,8,3025.4,1.0,80.0,3.0,1.0,4.3360578139326025,-0.9000837914668061,9.91,18.689,-0.3069,5.142,4.998,0.0142,0.8958,7.0,15.0,0.2462
06970V72811,trondheim,Oppdal,15,0,0.581,20,5929.9,1.0,80.0,3.0,1.0,4.3360578139326025,-0.9000837914668061,9.91,18.689,-0.3069,5.142,4.998,0.0142,0.8958,7.0,15.0,0.2462
06970V72811,trondheim,Oppdal,15,1,0.496,8,3105.8,1.0,80.0,3.0,1.0,4.3360578139326025,-0.9000837914668061,9.91,18.689,-0.3069,5.142,4.998,0.0142,0.8958,7.0,15.0,0.2462
06970V72811,trondheim,Oppdal,16,0,0.5468,20,4655.1,1.0,80.0,3.0,1.0,4.3360578139326025,-0.9000837914668061,9.91,18.689,-0.3069,5.142,4.998,0.0142,0.8958,7.0,15.0,0.2462
06970V72811,trondheim,Oppdal,16,1,0.5157,8,2983.5,1.0,80.0,3.0,1.0,4.3360578139326025,-0.9000837914668061,9.91,18.689,-0.3069,5.142,4.998,0.0142,0.8958,7.0,15.0,0.2462
06970V72811,trondheim,Oppdal,17,0,0.5151,20,3362.3,1.0,80.0,3.0,1.0,4.3360578139326025,-0.9000837914668061,9.91,18.689,-0.3069,5.142,4.998,0.0142,0.8958,7.0,15.0,0.2462
06970V72811,trondheim,Oppdal,17,1,0.502,8,2755.1,1.0,80.0,3.0,1.0,4.3360578139326025,-0.9000837914668061,9.91,18.689,-0.3069,5.142,4.998,0.0142,0.8958,7.0,15.0,0.2462
06970V72811,trondheim,Oppdal,18,0,0.5158,20,2931.2,1.0,80.0,3.0,1.0,4.3360578139326025,-0.9000837914668061,9.91,18.689,-0.3069,5.142,4.998,0.0142,0.8958,7.0,15.0,0.2462
06970V72811,trondheim,Oppdal,18,1,0.4743,8,2511.8,1.0,80.0,3.0,1.0,4.3360578139326025,-0.9000837914668061,9.91,18.689,-0.3069,5.142,4.998,0.0142,0.8958,7.0,15.0,0.2462
06970V72811,trondheim,Oppdal,19,0,0.5113,20,2475.0,1.0,80.0,3.0,1.0,4.3360578139326025,-0.9000837914668061,9.91,18.689,-0.3069,5.142,4.998,0.0142,0.8958,7.0,15.0,0.2462
06970V72811,trondheim,Oppdal,19,1,0.4715,8,2125.4,1.0,80.0,3.0,1.0,4.3360578139326025,-0.9000837914668061,9.91,18.689,-0.3069,5.142,4.998,0.0142,0.8958,7.0,15.0,0.2462
06970V72811,trondheim,Oppdal,20,0,0.5189,20,2122.4,1.0,80.0,3.0,1.0,4.3360578139326025,-0.9000837914668061,9.91,18.689,-0.3069,5.142,4.998,0.0142,0.8958,7.0,15.0,0.2462
06970V72811,trondheim,Oppdal,20,1,0.4664,8,1765.5,1.0,80.0,3.0,1.0,4.3360578139326025,-0.9000837914668061,9.91,18.689,-0.3069,5.142,4.998,0.0142,0.8958,7.0,15.0,0.2462
06970V72811,trondheim,Oppdal,21,0,0.5013,20,1570.6,1.0,80.0,3.0,1.0,4.3360578139326025,-0.9000837914668061,9.91,18.689,-0.3069,5.142,4.998,0.0142,0.8958,7.0,15.0,0.2462
06970V72811,trondheim,Oppdal,21,1,0.4621,8,1281.5,1.0,80.0,3.0,1.0,4.3360578139326025,-0.9000837914668061,9.91,18.689,-0.3069,5.142,4.998,0.0142,0.8958,7.0,15.0,0.2462
06970V72811,trondheim,Oppdal,22,0,0.5239,20,1028.1,1.0,80.0,3.0,1.0,4.3360578139326025,-0.9000837914668061,9.91,18.689,-0.3069,5.142,4.998,0.0142,0.8958,7.0,15.0,0.2462
06970V72811,trondheim,Oppdal,22,1,0.4941,8,948.4,1.0,80.0,3.0,1.0,4.3360578139326025,-0.9000837914668061,9.91,18.689,-0.3069,5.142,4.998,0.0142,0.8958,7.0,15.0,0.2462
06970V72811,trondheim,Oppdal,23,0,0.578,20,689.9,1.0,80.0,3.0,1.0,4.3360578139326025,-0.9000837914668061,9.91,18.689,-0.3069,5.142,4.998,0.0142,0.8958,7.0,15.0,0.2462
06970V72811,trondheim,Oppdal,23,1,0.5414,8,798.8,1.0,80.0,3.0,1.0,4.3360578139326025,-0.9000837914668061,9.91,18.689,-0.3069,5.142,4.998,0.0142,0.8958,7.0,15.0,0.2462
06970V72811,trondheim,Trondheim (Sluppen),0,0,0.4628,20,258.4,1.0,80.0,3.0,1.0,4.3360578139326025,0.9000837914668061,18.689,9.91,0.3069,4.998,5.142,-0.0142,0.8958,7.0,15.0,0.2462
06970V72811,trondheim,Trondheim (Sluppen),0,1,0.4584,8,718.4,1.0,80.0,3.0,1.0,4.3360578139326025,0.9000837914668061,18.689,9.91,0.3069,4.998,5.142,-0.0142,0.8958,7.0,15.0,0.2462
06970V72811,trondheim,Trondheim (Sluppen),1,0,0.4935,20,159.2,1.0,80.0,3.0,1.0,4.3360578139326025,0.9000837914668061,18.689,9.91,0.3069,4.998,5.142,-0.0142,0.8958,7.0,15.0,0.2462
06970V72811,trondheim,Trondheim (Sluppen),1,1,0.4972,8,508.0,1.0,80.0,3.0,1.0,4.3360578139326025,0.9000837914668061,18.689,9.91,0.3069,4.998,5.142,-0.0142,0.8958,7.0,15.0,0.2462
06970V72811,trondheim,Trondheim (Sluppen),2,0,0.5139,20,112.8,1.0,80.0,3.0,1.0,4.3360578139326025,0.9000837914668061,18.689,9.91,0.3069,4.998,5.142,-0.0142,0.8958,7.0,15.0,0.2462
06970V72811,trondheim,Trondheim (Sluppen),2,1,0.4699,8,365.1,1.0,80.0,3.0,1.0,4.3360578139326025,0.9000837914668061,18.689,9.91,0.3069,4.998,5.142,-0.0142,0.8958,7.0,15.0,0.2462
06970V72811,trondheim,Trondheim (Sluppen),3,0,0.5525,20,123.7,1.0,80.0,3.0,1.0,4.3360578139326025,0.9000837914668061,18.689,9.91,0.3069,4.998,5.142,-0.0142,0.8958,7.0,15.0,0.2462
06970V72811,trondheim,Trondheim (Sluppen),3,1,0.4637,8,285.5,1.0,80.0,3.0,1.0,4.3360578139326025,0.9000837914668061,18.689,9.91,0.3069,4.998,5.142,-0.0142,0.8958,7.0,15.0,0.2462
06970V72811,trondheim,Trondheim (Sluppen),4,0,0.587,20,221.0,1.0,80.0,3.0,1.0,4.3360578139326025,0.9000837914668061,18.689,9.91,0.3069,4.998,5.142,-0.0142,0.8958,7.0,15.0,0.2462
06970V72811,trondheim,Trondheim (Sluppen),4,1,0.4804,8,210.5,1.0,80.0,3.0,1.0,4.3360578139326025,0.9000837914668061,18.689,9.91,0.3069,4.998,5.142,-0.0142,0.8958,7.0,15.0,0.2462
06970V72811,trondheim,Trondheim (Sluppen),5,0,0.5825,20,652.5,1.0,80.0,3.0,1.0,4.3360578139326025,0.9000837914668061,18.689,9.91,0.3069,4.998,5.142,-0.0142,0.8958,7.0,15.0,0.2462
06970V72811,trondheim,Trondheim (Sluppen),5,1,0.4846,8,176.0,1.0,80.0,3.0,1.0,4.3360578139326025,0.9000837914668061,18.689,9.91,0.3069,4.998,5.142,-0.0142,0.8958,7.0,15.0,0.2462
06970V72811,trondheim,Trondheim (Sluppen),6,0,0.6539,20,3027.7,1.0,80.0,3.0,1.0,4.3360578139326025,0.9000837914668061,18.689,9.91,0.3069,4.998,5.142,-0.0142,0.8958,7.0,15.0,0.2462
06970V72811,trondheim,Trondheim (Sluppen),6,1,0.6072,8,289.9,1.0,80.0,3.0,1.0,4.3360578139326025,0.9000837914668061,18.689,9.91,0.3069,4.998,5.142,-0.0142,0.8958,7.0,15.0,0.2462
06970V72811,trondheim,Trondheim (Sluppen),7,0,0.5958,20,5092.6,1.0,80.0,3.0,1.0,4.3360578139326025,0.9000837914668061,18.689,9.91,0.3069,4.998,5.142,-0.0142,0.8958,7.0,15.0,0.2462
06970V72811,trondheim,Trondheim (Sluppen),7,1,0.5043,8,569.6,1.0,80.0,3.0,1.0,4.3360578139326025,0.9000837914668061,18.689,9.91,0.3069,4.998,5.142,-0.0142,0.8958,7.0,15.0,0.2462
06970V72811,trondheim,Trondheim (Sluppen),8,0,0.5914,20,3972.5,1.0,80.0,3.0,1.0,4.3360578139326025,0.9000837914668061,18.689,9.91,0.3069,4.998,5.142,-0.0142,0.8958,7.0,15.0,0.2462
06970V72811,trondheim,Trondheim (Sluppen),8,1,0.4677,8,837.5,1.0,80.0,3.0,1.0,4.3360578139326025,0.9000837914668061,18.689,9.91,0.3069,4.998,5.142,-0.0142,0.8958,7.0,15.0,0.2462
06970V72811,trondheim,Trondheim (Sluppen),9,0,0.546,20,3027.2,1.0,80.0,3.0,1.0,4.3360578139326025,0.9000837914668061,18.689,9.91,0.3069,4.998,5.142,-0.0142,0.8958,7.0,15.0,0.2462
06970V72811,trondheim,Trondheim (Sluppen),9,1,0.5041,8,1347.6,1.0,80.0,3.0,1.0,4.3360578139326025,0.9000837914668061,18.689,9.91,0.3069,4.998,5.142,-0.0142,0.8958,7.0,15.0,0.2462
06970V72811,trondheim,Trondheim (Sluppen),10,0,0.511,20,3080.0,1.0,80.0,3.0,1.0,4.3360578139326025,0.9000837914668061,18.689,9.91,0.3069,4.998,5.142,-0.0142,0.8958,7.0,15.0,0.2462
06970V72811,trondheim,Trondheim (Sluppen),10,1,0.5215,8,1934.8,1.0,80.0,3.0,1.0,4.3360578139326025,0.9000837914668061,18.689,9.91,0.3069,4.998,5.142,-0.0142,0.8958,7.0,15.0,0.2462
06970V72811,trondheim,Trondheim (Sluppen),11,0,0.5088,20,3268.2,1.0,80.0,3.0,1.0,4.3360578139326025,0.9000837914668061,18.689,9.91,0.3069,4.998,5.142,-0.0142,0.8958,7.0,15.0,0.2462
06970V72811,trondheim,Trondheim (Sluppen),11,1,0.5115,8,2404.2,1.0,80.0,3.0,1.0,4.3360578139326025,0.9000837914668061,18.689,9.91,0.3069,4.998,5.142,-0.0142,0.8958,7.0,15.0,0.2462
06970V72811,trondheim,Trondheim (Sluppen),12,0,0.4925,20,3442.1,1.0,80.0,3.0,1.0,4.3360578139326025,0.9000837914668061,18.689,9.91,0.3069,4.998,5.142,-0.0142,0.8958,7.0,15.0,0.2462
06970V72811,trondheim,Trondheim (Sluppen),12,1,0.5326,8,2705.0,1.0,80.0,3.0,1.0,4.3360578139326025,0.9000837914668061,18.689,9.91,0.3069,4.998,5.142,-0.0142,0.8958,7.0,15.0,0.2462
06970V72811,trondheim,Trondheim (Sluppen),13,0,0.4774,20,3754.9,1.0,80.0,3.0,1.0,4.3360578139326025,0.9000837914668061,18.689,9.91,0.3069,4.998,5.142,-0.0142,0.8958,7.0,15.0,0.2462
06970V72811,trondheim,Trondheim (Sluppen),13,1,0.5207,8,2898.1,1.0,80.0,3.0,1.0,4.3360578139326025,0.9000837914668061,18.689,9.91,0.3069,4.998,5.142,-0.0142,0.8958,7.0,15.0,0.2462
06970V72811,trondheim,Trondheim (Sluppen),14,0,0.4481,20,4417.8,1.0,80.0,3.0,1.0,4.3360578139326025,0.9000837914668061,18.689,9.91,0.3069,4.998,5.142,-0.0142,0.8958,7.0,15.0,0.2462
06970V72811,trondheim,Trondheim (Sluppen),14,1,0.5207,8,3025.4,1.0,80.0,3.0,1.0,4.3360578139326025,0.9000837914668061,18.689,9.91,0.3069,4.998,5.142,-0.0142,0.8958,7.0,15.0,0.2462
06970V72811,trondheim,Trondheim (Sluppen),15,0,0.419,20,5929.9,1.0,80.0,3.0,1.0,4.3360578139326025,0.9000837914668061,18.689,9.91,0.3069,4.998,5.142,-0.0142,0.8958,7.0,15.0,0.2462
06970V72811,trondheim,Trondheim (Sluppen),15,1,0.504,8,3105.8,1.0,80.0,3.0,1.0,4.3360578139326025,0.9000837914668061,18.689,9.91,0.3069,4.998,5.142,-0.0142,0.8958,7.0,15.0,0.2462
06970V72811,trondheim,Trondheim (Sluppen),16,0,0.4532,20,4655.1,1.0,80.0,3.0,1.0,4.3360578139326025,0.9000837914668061,18.689,9.91,0.3069,4.998,5.142,-0.0142,0.8958,7.0,15.0,0.2462
06970V72811,trondheim,Trondheim (Sluppen),16,1,0.4843,8,2983.5,1.0,80.0,3.0,1.0,4.3360578139326025,0.9000837914668061,18.689,9.91,0.3069,4.998,5.142,-0.0142,0.8958,7.0,15.0,0.2462
06970V72811,trondheim,Trondheim (Sluppen),17,0,0.4849,20,3362.3,1.0,80.0,3.0,1.0,4.3360578139326025,0.9000837914668061,18.689,9.91,0.3069,4.998,5.142,-0.0142,0.8958,7.0,15.0,0.2462
06970V72811,trondheim,Trondheim (Sluppen),17,1,0.498,8,2755.1,1.0,80.0,3.0,1.0,4.3360578139326025,0.9000837914668061,18.689,9.91,0.3069,4.998,5.142,-0.0142,0.8958,7.0,15.0,0.2462
06970V72811,trondheim,Trondheim (Sluppen),18,0,0.4842,20,2931.2,1.0,80.0,3.0,1.0,4.3360578139326025,0.9000837914668061,18.689,9.91,0.3069,4.998,5.142,-0.0142,0.8958,7.0,15.0,0.2462
06970V72811,trondheim,Trondheim (Sluppen),18,1,0.5257,8,2511.8,1.0,80.0,3.0,1.0,4.3360578139326025,0.9000837914668061,18.689,9.91,0.3069,4.998,5.142,-0.0142,0.8958,7.0,15.0,0.2462
06970V72811,trondheim,Trondheim (Sluppen),19,0,0.4887,20,2475.0,1.0,80.0,3.0,1.0,4.3360578139326025,0.9000837914668061,18.689,9.91,0.3069,4.998,5.142,-0.0142,0.8958,7.0,15.0,0.2462
06970V72811,trondheim,Trondheim (Sluppen),19,1,0.5285,8,2125.4,1.0,80.0,3.0,1.0,4.3360578139326025,0.9000837914668061,18.689,9.91,0.3069,4.998,5.142,-0.0142,0.8958,7.0,15.0,0.2462
06970V72811,trondheim,Trondheim (Sluppen),20,0,0.4811,20,2122.4,1.0,80.0,3.0,1.0,4.3360578139326025,0.9000837914668061,18.689,9.91,0.3069,4.998,5.142,-0.0142,0.8958,7.0,15.0,0.2462
06970V72811,trondheim,Trondheim (Sluppen),20,1,0.5336,8,1765.5,1.0,80.0,3.0,1.0,4.3360578139326025,0.9000837914668061,18.689,9.91,0.3069,4.998,5.142,-0.0142,0.8958,7.0,15.0,0.2462
06970V72811,trondheim,Trondheim (Sluppen),21,0,0.4987,20,1570.6,1.0,80.0,3.0,1.0,4.3360578139326025,0.9000837914668061,18.689,9.91,0.3069,4.998,5.142,-0.0142,0.8958,7.0,15.0,0.2462
06970V72811,trondheim,Trondheim (Sluppen),21,1,0.5379,8,1281.5,1.0,80.0,3.0,1.0,4.3360578139326025,0.9000837914668061,18.689,9.91,0.3069,4.998,5.142,-0.0142,0.8958,7.0,15.0,0.2462
06970V72811,trondheim,Trondheim (Sluppen),22,0,0.4761,20,1028.1,1.0,80.0,3.0,1.0,4.3360578139326025,0.9000837914668061,18.689,9.91,0.3069,4.998,5.142,-0.0142,0.8958,7.0,15.0,0.2462
06970V72811,trondheim,Trondheim (Sluppen),22,1,0.5059,8,948.4,1.0,80.0,3.0,1.0,4.3360578139326025,0.9000837914668061,18.689,9.91,0.3069,4.998,5.142,-0.0142,0.8958,7.0,15.0,0.2462
06970V72811,trondheim,Trondheim (Sluppen),23,0,0.422,20,689.9,1.0,80.0,3.0,1.0,4.3360578139326025,0.9000837914668061,18.689,9.91,0.3069,4.998,5.142,-0.0142,0.8958,7.0,15.0,0.2462
06970V72811,trondheim,Trondheim (Sluppen),23,1,0.4586,8,798.8,1.0,80.0,3.0,1.0,4.3360578139326025,0.9000837914668061,18.689,9.91,0.3069,4.998,5.142,-0.0142,0.8958,7.0,15.0,0.2462
75341V41863,trondheim,Moholt,0,0,0.5024,20,52.5,3.0,50.0,1.0,0.0,3.5489260109257734,0.7248699879519341,31.255,24.717,0.1168,6.897,2.978,0.3968,0.6679,7.0,15.0,0.2699
75341V41863,trondheim,Moholt,0,1,0.4782,8,142.8,3.0,50.0,1.0,0.0,3.5489260109257734,0.7248699879519341,31.255,24.717,0.1168,6.897,2.978,0.3968,0.6679,7.0,15.0,0.2699
75341V41863,trondheim,Moholt,1,1,0.4437,8,107.8,3.0,50.0,1.0,0.0,3.5489260109257734,0.7248699879519341,31.255,24.717,0.1168,6.897,2.978,0.3968,0.6679,7.0,15.0,0.2699
75341V41863,trondheim,Moholt,2,1,0.501,8,70.6,3.0,50.0,1.0,0.0,3.5489260109257734,0.7248699879519341,31.255,24.717,0.1168,6.897,2.978,0.3968,0.6679,7.0,15.0,0.2699
75341V41863,trondheim,Moholt,3,1,0.5115,8,49.6,3.0,50.0,1.0,0.0,3.5489260109257734,0.7248699879519341,31.255,24.717,0.1168,6.897,2.978,0.3968,0.6679,7.0,15.0,0.2699
75341V41863,trondheim,Moholt,4,1,0.504,8,35.0,3.0,50.0,1.0,0.0,3.5489260109257734,0.7248699879519341,31.255,24.717,0.1168,6.897,2.978,0.3968,0.6679,7.0,15.0,0.2699
75341V41863,trondheim,Moholt,5,0,0.6109,20,89.2,3.0,50.0,1.0,0.0,3.5489260109257734,0.7248699879519341,31.255,24.717,0.1168,6.897,2.978,0.3968,0.6679,7.0,15.0,0.2699
75341V41863,trondheim,Moholt,6,0,0.665,20,435.6,3.0,50.0,1.0,0.0,3.5489260109257734,0.7248699879519341,31.255,24.717,0.1168,6.897,2.978,0.3968,0.6679,7.0,15.0,0.2699
75341V41863,trondheim,Moholt,6,1,0.5516,8,47.6,3.0,50.0,1.0,0.0,3.5489260109257734,0.7248699879519341,31.255,24.717,0.1168,6.897,2.978,0.3968,0.6679,7.0,15.0,0.2699
75341V41863,trondheim,Moholt,7,0,0.692,20,1105.3,3.0,50.0,1.0,0.0,3.5489260109257734,0.7248699879519341,31.255,24.717,0.1168,6.897,2.978,0.3968,0.6679,7.0,15.0,0.2699
75341V41863,trondheim,Moholt,7,1,0.5308,8,114.6,3.0,50.0,1.0,0.0,3.5489260109257734,0.7248699879519341,31.255,24.717,0.1168,6.897,2.978,0.3968,0.6679,7.0,15.0,0.2699
75341V41863,trondheim,Moholt,8,0,0.5831,20,990.1,3.0,50.0,1.0,0.0,3.5489260109257734,0.7248699879519341,31.255,24.717,0.1168,6.897,2.978,0.3968,0.6679,7.0,15.0,0.2699
75341V41863,trondheim,Moholt,8,1,0.6148,8,192.1,3.0,50.0,1.0,0.0,3.5489260109257734,0.7248699879519341,31.255,24.717,0.1168,6.897,2.978,0.3968,0.6679,7.0,15.0,0.2699
75341V41863,trondheim,Moholt,9,0,0.5383,20,670.8,3.0,50.0,1.0,0.0,3.5489260109257734,0.7248699879519341,31.255,24.717,0.1168,6.897,2.978,0.3968,0.6679,7.0,15.0,0.2699
75341V41863,trondheim,Moholt,9,1,0.5711,8,374.6,3.0,50.0,1.0,0.0,3.5489260109257734,0.7248699879519341,31.255,24.717,0.1168,6.897,2.978,0.3968,0.6679,7.0,15.0,0.2699
75341V41863,trondheim,Moholt,10,0,0.5295,20,705.8,3.0,50.0,1.0,0.0,3.5489260109257734,0.7248699879519341,31.255,24.717,0.1168,6.897,2.978,0.3968,0.6679,7.0,15.0,0.2699
75341V41863,trondheim,Moholt,10,1,0.536,8,549.1,3.0,50.0,1.0,0.0,3.5489260109257734,0.7248699879519341,31.255,24.717,0.1168,6.897,2.978,0.3968,0.6679,7.0,15.0,0.2699
75341V41863,trondheim,Moholt,11,0,0.5018,20,763.8,3.0,50.0,1.0,0.0,3.5489260109257734,0.7248699879519341,31.255,24.717,0.1168,6.897,2.978,0.3968,0.6679,7.0,15.0,0.2699
75341V41863,trondheim,Moholt,11,1,0.4813,8,689.8,3.0,50.0,1.0,0.0,3.5489260109257734,0.7248699879519341,31.255,24.717,0.1168,6.897,2.978,0.3968,0.6679,7.0,15.0,0.2699
75341V41863,trondheim,Moholt,12,0,0.498,20,811.4,3.0,50.0,1.0,0.0,3.5489260109257734,0.7248699879519341,31.255,24.717,0.1168,6.897,2.978,0.3968,0.6679,7.0,15.0,0.2699
75341V41863,trondheim,Moholt,12,1,0.4929,8,811.9,3.0,50.0,1.0,0.0,3.5489260109257734,0.7248699879519341,31.255,24.717,0.1168,6.897,2.978,0.3968,0.6679,7.0,15.0,0.2699
75341V41863,trondheim,Moholt,13,0,0.4813,20,883.9,3.0,50.0,1.0,0.0,3.5489260109257734,0.7248699879519341,31.255,24.717,0.1168,6.897,2.978,0.3968,0.6679,7.0,15.0,0.2699
75341V41863,trondheim,Moholt,13,1,0.4823,8,838.4,3.0,50.0,1.0,0.0,3.5489260109257734,0.7248699879519341,31.255,24.717,0.1168,6.897,2.978,0.3968,0.6679,7.0,15.0,0.2699
75341V41863,trondheim,Moholt,14,0,0.4515,20,1056.7,3.0,50.0,1.0,0.0,3.5489260109257734,0.7248699879519341,31.255,24.717,0.1168,6.897,2.978,0.3968,0.6679,7.0,15.0,0.2699
75341V41863,trondheim,Moholt,14,1,0.4907,8,875.8,3.0,50.0,1.0,0.0,3.5489260109257734,0.7248699879519341,31.255,24.717,0.1168,6.897,2.978,0.3968,0.6679,7.0,15.0,0.2699
75341V41863,trondheim,Moholt,15,0,0.4104,20,1532.5,3.0,50.0,1.0,0.0,3.5489260109257734,0.7248699879519341,31.255,24.717,0.1168,6.897,2.978,0.3968,0.6679,7.0,15.0,0.2699
75341V41863,trondheim,Moholt,15,1,0.4874,8,899.4,3.0,50.0,1.0,0.0,3.5489260109257734,0.7248699879519341,31.255,24.717,0.1168,6.897,2.978,0.3968,0.6679,7.0,15.0,0.2699
75341V41863,trondheim,Moholt,16,0,0.4132,20,1298.3,3.0,50.0,1.0,0.0,3.5489260109257734,0.7248699879519341,31.255,24.717,0.1168,6.897,2.978,0.3968,0.6679,7.0,15.0,0.2699
75341V41863,trondheim,Moholt,16,1,0.4688,8,852.2,3.0,50.0,1.0,0.0,3.5489260109257734,0.7248699879519341,31.255,24.717,0.1168,6.897,2.978,0.3968,0.6679,7.0,15.0,0.2699
75341V41863,trondheim,Moholt,17,0,0.4867,20,1017.5,3.0,50.0,1.0,0.0,3.5489260109257734,0.7248699879519341,31.255,24.717,0.1168,6.897,2.978,0.3968,0.6679,7.0,15.0,0.2699
75341V41863,trondheim,Moholt,17,1,0.4648,8,771.6,3.0,50.0,1.0,0.0,3.5489260109257734,0.7248699879519341,31.255,24.717,0.1168,6.897,2.978,0.3968,0.6679,7.0,15.0,0.2699
75341V41863,trondheim,Moholt,18,0,0.4716,20,945.4,3.0,50.0,1.0,0.0,3.5489260109257734,0.7248699879519341,31.255,24.717,0.1168,6.897,2.978,0.3968,0.6679,7.0,15.0,0.2699
75341V41863,trondheim,Moholt,18,1,0.4627,8,673.5,3.0,50.0,1.0,0.0,3.5489260109257734,0.7248699879519341,31.255,24.717,0.1168,6.897,2.978,0.3968,0.6679,7.0,15.0,0.2699
75341V41863,trondheim,Moholt,19,0,0.4706,20,812.6,3.0,50.0,1.0,0.0,3.5489260109257734,0.7248699879519341,31.255,24.717,0.1168,6.897,2.978,0.3968,0.6679,7.0,15.0,0.2699
75341V41863,trondheim,Moholt,19,1,0.4542,8,616.5,3.0,50.0,1.0,0.0,3.5489260109257734,0.7248699879519341,31.255,24.717,0.1168,6.897,2.978,0.3968,0.6679,7.0,15.0,0.2699
75341V41863,trondheim,Moholt,20,0,0.4335,20,660.0,3.0,50.0,1.0,0.0,3.5489260109257734,0.7248699879519341,31.255,24.717,0.1168,6.897,2.978,0.3968,0.6679,7.0,15.0,0.2699
75341V41863,trondheim,Moholt,20,1,0.442,8,490.1,3.0,50.0,1.0,0.0,3.5489260109257734,0.7248699879519341,31.255,24.717,0.1168,6.897,2.978,0.3968,0.6679,7.0,15.0,0.2699
75341V41863,trondheim,Moholt,21,0,0.4162,20,469.6,3.0,50.0,1.0,0.0,3.5489260109257734,0.7248699879519341,31.255,24.717,0.1168,6.897,2.978,0.3968,0.6679,7.0,15.0,0.2699
75341V41863,trondheim,Moholt,21,1,0.4515,8,359.5,3.0,50.0,1.0,0.0,3.5489260109257734,0.7248699879519341,31.255,24.717,0.1168,6.897,2.978,0.3968,0.6679,7.0,15.0,0.2699
75341V41863,trondheim,Moholt,22,0,0.4311,20,286.2,3.0,50.0,1.0,0.0,3.5489260109257734,0.7248699879519341,31.255,24.717,0.1168,6.897,2.978,0.3968,0.6679,7.0,15.0,0.2699
75341V41863,trondheim,Moholt,22,1,0.4555,8,231.8,3.0,50.0,1.0,0.0,3.5489260109257734,0.7248699879519341,31.255,24.717,0.1168,6.897,2.978,0.3968,0.6679,7.0,15.0,0.2699
75341V41863,trondheim,Moholt,23,0,0.4127,20,147.4,3.0,50.0,1.0,0.0,3.5489260109257734,0.7248699879519341,31.255,24.717,0.1168,6.897,2.978,0.3968,0.6679,7.0,15.0,0.2699
75341V41863,trondheim,Moholt,23,1,0.4177,8,176.9,3.0,50.0,1.0,0.0,3.5489260109257734,0.7248699879519341,31.255,24.717,0.1168,6.897,2.978,0.3968,0.6679,7.0,15.0,0.2699
75341V41863,trondheim,Heggdalen,0,0,0.4976,20,52.5,3.0,50.0,1.0,0.0,3.5489260109257734,-0.7248699879519337,24.717,31.255,-0.1168,2.978,6.897,-0.3968,0.6679,7.0,15.0,0.2699
75341V41863,trondheim,Heggdalen,0,1,0.5218,8,142.8,3.0,50.0,1.0,0.0,3.5489260109257734,-0.7248699879519337,24.717,31.255,-0.1168,2.978,6.897,-0.3968,0.6679,7.0,15.0,0.2699
75341V41863,trondheim,Heggdalen,1,1,0.5563,8,107.8,3.0,50.0,1.0,0.0,3.5489260109257734,-0.7248699879519337,24.717,31.255,-0.1168,2.978,6.897,-0.3968,0.6679,7.0,15.0,0.2699
75341V41863,trondheim,Heggdalen,2,1,0.499,8,70.6,3.0,50.0,1.0,0.0,3.5489260109257734,-0.7248699879519337,24.717,31.255,-0.1168,2.978,6.897,-0.3968,0.6679,7.0,15.0,0.2699
75341V41863,trondheim,Heggdalen,3,1,0.4885,8,49.6,3.0,50.0,1.0,0.0,3.5489260109257734,-0.7248699879519337,24.717,31.255,-0.1168,2.978,6.897,-0.3968,0.6679,7.0,15.0,0.2699
75341V41863,trondheim,Heggdalen,4,1,0.496,8,35.0,3.0,50.0,1.0,0.0,3.5489260109257734,-0.7248699879519337,24.717,31.255,-0.1168,2.978,6.897,-0.3968,0.6679,7.0,15.0,0.2699
75341V41863,trondheim,Heggdalen,5,0,0.3891,20,89.2,3.0,50.0,1.0,0.0,3.5489260109257734,-0.7248699879519337,24.717,31.255,-0.1168,2.978,6.897,-0.3968,0.6679,7.0,15.0,0.2699
75341V41863,trondheim,Heggdalen,6,0,0.335,20,435.6,3.0,50.0,1.0,0.0,3.5489260109257734,-0.7248699879519337,24.717,31.255,-0.1168,2.978,6.897,-0.3968,0.6679,7.0,15.0,0.2699
75341V41863,trondheim,Heggdalen,6,1,0.4484,8,47.6,3.0,50.0,1.0,0.0,3.5489260109257734,-0.7248699879519337,24.717,31.255,-0.1168,2.978,6.897,-0.3968,0.6679,7.0,15.0,0.2699
75341V41863,trondheim,Heggdalen,7,0,0.308,20,1105.3,3.0,50.0,1.0,0.0,3.5489260109257734,-0.7248699879519337,24.717,31.255,-0.1168,2.978,6.897,-0.3968,0.6679,7.0,15.0,0.2699
75341V41863,trondheim,Heggdalen,7,1,0.4692,8,114.6,3.0,50.0,1.0,0.0,3.5489260109257734,-0.7248699879519337,24.717,31.255,-0.1168,2.978,6.897,-0.3968,0.6679,7.0,15.0,0.2699
75341V41863,trondheim,Heggdalen,8,0,0.4169,20,990.1,3.0,50.0,1.0,0.0,3.5489260109257734,-0.7248699879519337,24.717,31.255,-0.1168,2.978,6.897,-0.3968,0.6679,7.0,15.0,0.2699
75341V41863,trondheim,Heggdalen,8,1,0.3852,8,192.1,3.0,50.0,1.0,0.0,3.5489260109257734,-0.7248699879519337,24.717,31.255,-0.1168,2.978,6.897,-0.3968,0.6679,7.0,15.0,0.2699
75341V41863,trondheim,Heggdalen,9,0,0.4617,20,670.8,3.0,50.0,1.0,0.0,3.5489260109257734,-0.7248699879519337,24.717,31.255,-0.1168,2.978,6.897,-0.3968,0.6679,7.0,15.0,0.2699
75341V41863,trondheim,Heggdalen,9,1,0.4289,8,374.6,3.0,50.0,1.0,0.0,3.5489260109257734,-0.7248699879519337,24.717,31.255,-0.1168,2.978,6.897,-0.3968,0.6679,7.0,15.0,0.2699
75341V41863,trondheim,Heggdalen,10,0,0.4705,20,705.8,3.0,50.0,1.0,0.0,3.5489260109257734,-0.7248699879519337,24.717,31.255,-0.1168,2.978,6.897,-0.3968,0.6679,7.0,15.0,0.2699
75341V41863,trondheim,Heggdalen,10,1,0.464,8,549.1,3.0,50.0,1.0,0.0,3.5489260109257734,-0.7248699879519337,24.717,31.255,-0.1168,2.978,6.897,-0.3968,0.6679,7.0,15.0,0.2699
75341V41863,trondheim,Heggdalen,11,0,0.4982,20,763.8,3.0,50.0,1.0,0.0,3.5489260109257734,-0.7248699879519337,24.717,31.255,-0.1168,2.978,6.897,-0.3968,0.6679,7.0,15.0,0.2699
75341V41863,trondheim,Heggdalen,11,1,0.5187,8,689.8,3.0,50.0,1.0,0.0,3.5489260109257734,-0.7248699879519337,24.717,31.255,-0.1168,2.978,6.897,-0.3968,0.6679,7.0,15.0,0.2699
75341V41863,trondheim,Heggdalen,12,0,0.502,20,811.4,3.0,50.0,1.0,0.0,3.5489260109257734,-0.7248699879519337,24.717,31.255,-0.1168,2.978,6.897,-0.3968,0.6679,7.0,15.0,0.2699
75341V41863,trondheim,Heggdalen,12,1,0.5071,8,811.9,3.0,50.0,1.0,0.0,3.5489260109257734,-0.7248699879519337,24.717,31.255,-0.1168,2.978,6.897,-0.3968,0.6679,7.0,15.0,0.2699
75341V41863,trondheim,Heggdalen,13,0,0.5187,20,883.9,3.0,50.0,1.0,0.0,3.5489260109257734,-0.7248699879519337,24.717,31.255,-0.1168,2.978,6.897,-0.3968,0.6679,7.0,15.0,0.2699
75341V41863,trondheim,Heggdalen,13,1,0.5177,8,838.4,3.0,50.0,1.0,0.0,3.5489260109257734,-0.7248699879519337,24.717,31.255,-0.1168,2.978,6.897,-0.3968,0.6679,7.0,15.0,0.2699
75341V41863,trondheim,Heggdalen,14,0,0.5485,20,1056.7,3.0,50.0,1.0,0.0,3.5489260109257734,-0.7248699879519337,24.717,31.255,-0.1168,2.978,6.897,-0.3968,0.6679,7.0,15.0,0.2699
75341V41863,trondheim,Heggdalen,14,1,0.5093,8,875.8,3.0,50.0,1.0,0.0,3.5489260109257734,-0.7248699879519337,24.717,31.255,-0.1168,2.978,6.897,-0.3968,0.6679,7.0,15.0,0.2699
75341V41863,trondheim,Heggdalen,15,0,0.5896,20,1532.5,3.0,50.0,1.0,0.0,3.5489260109257734,-0.7248699879519337,24.717,31.255,-0.1168,2.978,6.897,-0.3968,0.6679,7.0,15.0,0.2699
75341V41863,trondheim,Heggdalen,15,1,0.5126,8,899.4,3.0,50.0,1.0,0.0,3.5489260109257734,-0.7248699879519337,24.717,31.255,-0.1168,2.978,6.897,-0.3968,0.6679,7.0,15.0,0.2699
75341V41863,trondheim,Heggdalen,16,0,0.5868,20,1298.3,3.0,50.0,1.0,0.0,3.5489260109257734,-0.7248699879519337,24.717,31.255,-0.1168,2.978,6.897,-0.3968,0.6679,7.0,15.0,0.2699
75341V41863,trondheim,Heggdalen,16,1,0.5312,8,852.2,3.0,50.0,1.0,0.0,3.5489260109257734,-0.7248699879519337,24.717,31.255,-0.1168,2.978,6.897,-0.3968,0.6679,7.0,15.0,0.2699
75341V41863,trondheim,Heggdalen,17,0,0.5133,20,1017.5,3.0,50.0,1.0,0.0,3.5489260109257734,-0.7248699879519337,24.717,31.255,-0.1168,2.978,6.897,-0.3968,0.6679,7.0,15.0,0.2699
75341V41863,trondheim,Heggdalen,17,1,0.5352,8,771.6,3.0,50.0,1.0,0.0,3.5489260109257734,-0.7248699879519337,24.717,31.255,-0.1168,2.978,6.897,-0.3968,0.6679,7.0,15.0,0.2699
75341V41863,trondheim,Heggdalen,18,0,0.5284,20,945.4,3.0,50.0,1.0,0.0,3.5489260109257734,-0.7248699879519337,24.717,31.255,-0.1168,2.978,6.897,-0.3968,0.6679,7.0,15.0,0.2699
75341V41863,trondheim,Heggdalen,18,1,0.5373,8,673.5,3.0,50.0,1.0,0.0,3.5489260109257734,-0.7248699879519337,24.717,31.255,-0.1168,2.978,6.897,-0.3968,0.6679,7.0,15.0,0.2699
75341V41863,trondheim,Heggdalen,19,0,0.5294,20,812.6,3.0,50.0,1.0,0.0,3.5489260109257734,-0.7248699879519337,24.717,31.255,-0.1168,2.978,6.897,-0.3968,0.6679,7.0,15.0,0.2699
75341V41863,trondheim,Heggdalen,19,1,0.5458,8,616.5,3.0,50.0,1.0,0.0,3.5489260109257734,-0.7248699879519337,24.717,31.255,-0.1168,2.978,6.897,-0.3968,0.6679,7.0,15.0,0.2699
75341V41863,trondheim,Heggdalen,20,0,0.5665,20,660.0,3.0,50.0,1.0,0.0,3.5489260109257734,-0.7248699879519337,24.717,31.255,-0.1168,2.978,6.897,-0.3968,0.6679,7.0,15.0,0.2699
75341V41863,trondheim,Heggdalen,20,1,0.558,8,490.1,3.0,50.0,1.0,0.0,3.5489260109257734,-0.7248699879519337,24.717,31.255,-0.1168,2.978,6.897,-0.3968,0.6679,7.0,15.0,0.2699
75341V41863,trondheim,Heggdalen,21,0,0.5838,20,469.6,3.0,50.0,1.0,0.0,3.5489260109257734,-0.7248699879519337,24.717,31.255,-0.1168,2.978,6.897,-0.3968,0.6679,7.0,15.0,0.2699
75341V41863,trondheim,Heggdalen,21,1,0.5485,8,359.5,3.0,50.0,1.0,0.0,3.5489260109257734,-0.7248699879519337,24.717,31.255,-0.1168,2.978,6.897,-0.3968,0.6679,7.0,15.0,0.2699
75341V41863,trondheim,Heggdalen,22,0,0.5689,20,286.2,3.0,50.0,1.0,0.0,3.5489260109257734,-0.7248699879519337,24.717,31.255,-0.1168,2.978,6.897,-0.3968,0.6679,7.0,15.0,0.2699
75341V41863,trondheim,Heggdalen,22,1,0.5445,8,231.8,3.0,50.0,1.0,0.0,3.5489260109257734,-0.7248699879519337,24.717,31.255,-0.1168,2.978,6.897,-0.3968,0.6679,7.0,15.0,0.2699
75341V41863,trondheim,Heggdalen,23,0,0.5873,20,147.4,3.0,50.0,1.0,0.0,3.5489260109257734,-0.7248699879519337,24.717,31.255,-0.1168,2.978,6.897,-0.3968,0.6679,7.0,15.0,0.2699
75341V41863,trondheim,Heggdalen,23,1,0.5823,8,176.9,3.0,50.0,1.0,0.0,3.5489260109257734,-0.7248699879519337,24.717,31.255,-0.1168,2.978,6.897,-0.3968,0.6679,7.0,15.0,0.2699
44656V72812,trondheim,Heimdal,0,0,0.5693,20,166.7,2.0,50.0,2.0,1.0,1.6066458950643985,-0.9889336037676045,19.744,12.078,0.2409,4.803,5.724,-0.0874,0.8799,7.0,15.0,0.2851
44656V72812,trondheim,Heimdal,0,1,0.54,8,471.6,2.0,50.0,2.0,1.0,1.6066458950643985,-0.9889336037676045,19.744,12.078,0.2409,4.803,5.724,-0.0874,0.8799,7.0,15.0,0.2851
44656V72812,trondheim,Heimdal,1,0,0.5375,20,113.0,2.0,50.0,2.0,1.0,1.6066458950643985,-0.9889336037676045,19.744,12.078,0.2409,4.803,5.724,-0.0874,0.8799,7.0,15.0,0.2851
44656V72812,trondheim,Heimdal,1,1,0.5112,8,470.5,2.0,50.0,2.0,1.0,1.6066458950643985,-0.9889336037676045,19.744,12.078,0.2409,4.803,5.724,-0.0874,0.8799,7.0,15.0,0.2851
44656V72812,trondheim,Heimdal,2,0,0.5334,20,94.2,2.0,50.0,2.0,1.0,1.6066458950643985,-0.9889336037676045,19.744,12.078,0.2409,4.803,5.724,-0.0874,0.8799,7.0,15.0,0.2851
44656V72812,trondheim,Heimdal,2,1,0.5517,8,437.2,2.0,50.0,2.0,1.0,1.6066458950643985,-0.9889336037676045,19.744,12.078,0.2409,4.803,5.724,-0.0874,0.8799,7.0,15.0,0.2851
44656V72812,trondheim,Heimdal,3,0,0.5073,20,74.9,2.0,50.0,2.0,1.0,1.6066458950643985,-0.9889336037676045,19.744,12.078,0.2409,4.803,5.724,-0.0874,0.8799,7.0,15.0,0.2851
44656V72812,trondheim,Heimdal,3,1,0.5936,8,258.5,2.0,50.0,2.0,1.0,1.6066458950643985,-0.9889336037676045,19.744,12.078,0.2409,4.803,5.724,-0.0874,0.8799,7.0,15.0,0.2851
44656V72812,trondheim,Heimdal,4,0,0.485,20,82.5,2.0,50.0,2.0,1.0,1.6066458950643985,-0.9889336037676045,19.744,12.078,0.2409,4.803,5.724,-0.0874,0.8799,7.0,15.0,0.2851
44656V72812,trondheim,Heimdal,4,1,0.5776,8,115.8,2.0,50.0,2.0,1.0,1.6066458950643985,-0.9889336037676045,19.744,12.078,0.2409,4.803,5.724,-0.0874,0.8799,7.0,15.0,0.2851
44656V72812,trondheim,Heimdal,5,0,0.3882,20,168.7,2.0,50.0,2.0,1.0,1.6066458950643985,-0.9889336037676045,19.744,12.078,0.2409,4.803,5.724,-0.0874,0.8799,7.0,15.0,0.2851
44656V72812,trondheim,Heimdal,5,1,0.449,8,99.9,2.0,50.0,2.0,1.0,1.6066458950643985,-0.9889336037676045,19.744,12.078,0.2409,4.803,5.724,-0.0874,0.8799,7.0,15.0,0.2851
44656V72812,trondheim,Heimdal,6,0,0.3492,20,844.1,2.0,50.0,2.0,1.0,1.6066458950643985,-0.9889336037676045,19.744,12.078,0.2409,4.803,5.724,-0.0874,0.8799,7.0,15.0,0.2851
44656V72812,trondheim,Heimdal,6,1,0.3034,8,210.8,2.0,50.0,2.0,1.0,1.6066458950643985,-0.9889336037676045,19.744,12.078,0.2409,4.803,5.724,-0.0874,0.8799,7.0,15.0,0.2851
44656V72812,trondheim,Heimdal,7,0,0.4361,20,1828.3,2.0,50.0,2.0,1.0,1.6066458950643985,-0.9889336037676045,19.744,12.078,0.2409,4.803,5.724,-0.0874,0.8799,7.0,15.0,0.2851
44656V72812,trondheim,Heimdal,7,1,0.5306,8,406.8,2.0,50.0,2.0,1.0,1.6066458950643985,-0.9889336037676045,19.744,12.078,0.2409,4.803,5.724,-0.0874,0.8799,7.0,15.0,0.2851
44656V72812,trondheim,Heimdal,8,0,0.4232,20,1744.0,2.0,50.0,2.0,1.0,1.6066458950643985,-0.9889336037676045,19.744,12.078,0.2409,4.803,5.724,-0.0874,0.8799,7.0,15.0,0.2851
44656V72812,trondheim,Heimdal,8,1,0.4473,8,376.1,2.0,50.0,2.0,1.0,1.6066458950643985,-0.9889336037676045,19.744,12.078,0.2409,4.803,5.724,-0.0874,0.8799,7.0,15.0,0.2851
44656V72812,trondheim,Heimdal,9,0,0.427,20,1576.0,2.0,50.0,2.0,1.0,1.6066458950643985,-0.9889336037676045,19.744,12.078,0.2409,4.803,5.724,-0.0874,0.8799,7.0,15.0,0.2851
44656V72812,trondheim,Heimdal,9,1,0.3832,8,563.6,2.0,50.0,2.0,1.0,1.6066458950643985,-0.9889336037676045,19.744,12.078,0.2409,4.803,5.724,-0.0874,0.8799,7.0,15.0,0.2851
44656V72812,trondheim,Heimdal,10,0,0.4878,20,1577.2,2.0,50.0,2.0,1.0,1.6066458950643985,-0.9889336037676045,19.744,12.078,0.2409,4.803,5.724,-0.0874,0.8799,7.0,15.0,0.2851
44656V72812,trondheim,Heimdal,10,1,0.389,8,847.0,2.0,50.0,2.0,1.0,1.6066458950643985,-0.9889336037676045,19.744,12.078,0.2409,4.803,5.724,-0.0874,0.8799,7.0,15.0,0.2851
44656V72812,trondheim,Heimdal,11,0,0.4902,20,1650.7,2.0,50.0,2.0,1.0,1.6066458950643985,-0.9889336037676045,19.744,12.078,0.2409,4.803,5.724,-0.0874,0.8799,7.0,15.0,0.2851
44656V72812,trondheim,Heimdal,11,1,0.4121,8,1079.6,2.0,50.0,2.0,1.0,1.6066458950643985,-0.9889336037676045,19.744,12.078,0.2409,4.803,5.724,-0.0874,0.8799,7.0,15.0,0.2851
44656V72812,trondheim,Heimdal,12,0,0.4866,18,1728.6,2.0,50.0,2.0,1.0,1.6066458950643985,-0.9889336037676045,19.744,12.078,0.2409,4.803,5.724,-0.0874,0.8799,7.0,15.0,0.2851
44656V72812,trondheim,Heimdal,12,1,0.4362,8,1304.2,2.0,50.0,2.0,1.0,1.6066458950643985,-0.9889336037676045,19.744,12.078,0.2409,4.803,5.724,-0.0874,0.8799,7.0,15.0,0.2851
44656V72812,trondheim,Heimdal,13,0,0.5316,19,1751.8,2.0,50.0,2.0,1.0,1.6066458950643985,-0.9889336037676045,19.744,12.078,0.2409,4.803,5.724,-0.0874,0.8799,7.0,15.0,0.2851
44656V72812,trondheim,Heimdal,13,1,0.4771,8,1327.9,2.0,50.0,2.0,1.0,1.6066458950643985,-0.9889336037676045,19.744,12.078,0.2409,4.803,5.724,-0.0874,0.8799,7.0,15.0,0.2851
44656V72812,trondheim,Heimdal,14,0,0.5673,19,1971.8,2.0,50.0,2.0,1.0,1.6066458950643985,-0.9889336037676045,19.744,12.078,0.2409,4.803,5.724,-0.0874,0.8799,7.0,15.0,0.2851
44656V72812,trondheim,Heimdal,14,1,0.5016,8,1542.2,2.0,50.0,2.0,1.0,1.6066458950643985,-0.9889336037676045,19.744,12.078,0.2409,4.803,5.724,-0.0874,0.8799,7.0,15.0,0.2851
44656V72812,trondheim,Heimdal,15,0,0.6016,20,2239.3,2.0,50.0,2.0,1.0,1.6066458950643985,-0.9889336037676045,19.744,12.078,0.2409,4.803,5.724,-0.0874,0.8799,7.0,15.0,0.2851
44656V72812,trondheim,Heimdal,15,1,0.5607,8,1541.9,2.0,50.0,2.0,1.0,1.6066458950643985,-0.9889336037676045,19.744,12.078,0.2409,4.803,5.724,-0.0874,0.8799,7.0,15.0,0.2851
44656V72812,trondheim,Heimdal,16,0,0.5511,20,1825.7,2.0,50.0,2.0,1.0,1.6066458950643985,-0.9889336037676045,19.744,12.078,0.2409,4.803,5.724,-0.0874,0.8799,7.0,15.0,0.2851
44656V72812,trondheim,Heimdal,16,1,0.5533,8,1351.2,2.0,50.0,2.0,1.0,1.6066458950643985,-0.9889336037676045,19.744,12.078,0.2409,4.803,5.724,-0.0874,0.8799,7.0,15.0,0.2851
44656V72812,trondheim,Heimdal,17,0,0.493,18,1492.4,2.0,50.0,2.0,1.0,1.6066458950643985,-0.9889336037676045,19.744,12.078,0.2409,4.803,5.724,-0.0874,0.8799,7.0,15.0,0.2851
44656V72812,trondheim,Heimdal,17,1,0.5342,8,1345.1,2.0,50.0,2.0,1.0,1.6066458950643985,-0.9889336037676045,19.744,12.078,0.2409,4.803,5.724,-0.0874,0.8799,7.0,15.0,0.2851
44656V72812,trondheim,Heimdal,18,0,0.5162,20,1294.0,2.0,50.0,2.0,1.0,1.6066458950643985,-0.9889336037676045,19.744,12.078,0.2409,4.803,5.724,-0.0874,0.8799,7.0,15.0,0.2851
44656V72812,trondheim,Heimdal,18,1,0.5253,8,1121.2,2.0,50.0,2.0,1.0,1.6066458950643985,-0.9889336037676045,19.744,12.078,0.2409,4.803,5.724,-0.0874,0.8799,7.0,15.0,0.2851
44656V72812,trondheim,Heimdal,19,0,0.5335,20,1146.3,2.0,50.0,2.0,1.0,1.6066458950643985,-0.9889336037676045,19.744,12.078,0.2409,4.803,5.724,-0.0874,0.8799,7.0,15.0,0.2851
44656V72812,trondheim,Heimdal,19,1,0.5154,8,1033.0,2.0,50.0,2.0,1.0,1.6066458950643985,-0.9889336037676045,19.744,12.078,0.2409,4.803,5.724,-0.0874,0.8799,7.0,15.0,0.2851
44656V72812,trondheim,Heimdal,20,0,0.5585,20,1010.4,2.0,50.0,2.0,1.0,1.6066458950643985,-0.9889336037676045,19.744,12.078,0.2409,4.803,5.724,-0.0874,0.8799,7.0,15.0,0.2851
44656V72812,trondheim,Heimdal,20,1,0.5353,8,901.1,2.0,50.0,2.0,1.0,1.6066458950643985,-0.9889336037676045,19.744,12.078,0.2409,4.803,5.724,-0.0874,0.8799,7.0,15.0,0.2851
44656V72812,trondheim,Heimdal,21,0,0.5219,20,917.5,2.0,50.0,2.0,1.0,1.6066458950643985,-0.9889336037676045,19.744,12.078,0.2409,4.803,5.724,-0.0874,0.8799,7.0,15.0,0.2851
44656V72812,trondheim,Heimdal,21,1,0.4827,8,751.9,2.0,50.0,2.0,1.0,1.6066458950643985,-0.9889336037676045,19.744,12.078,0.2409,4.803,5.724,-0.0874,0.8799,7.0,15.0,0.2851
44656V72812,trondheim,Heimdal,22,0,0.6161,20,658.0,2.0,50.0,2.0,1.0,1.6066458950643985,-0.9889336037676045,19.744,12.078,0.2409,4.803,5.724,-0.0874,0.8799,7.0,15.0,0.2851
44656V72812,trondheim,Heimdal,22,1,0.592,8,628.1,2.0,50.0,2.0,1.0,1.6066458950643985,-0.9889336037676045,19.744,12.078,0.2409,4.803,5.724,-0.0874,0.8799,7.0,15.0,0.2851
44656V72812,trondheim,Heimdal,23,0,0.5988,20,378.1,2.0,50.0,2.0,1.0,1.6066458950643985,-0.9889336037676045,19.744,12.078,0.2409,4.803,5.724,-0.0874,0.8799,7.0,15.0,0.2851
44656V72812,trondheim,Heimdal,23,1,0.5869,8,464.9,2.0,50.0,2.0,1.0,1.6066458950643985,-0.9889336037676045,19.744,12.078,0.2409,4.803,5.724,-0.0874,0.8799,7.0,15.0,0.2851
44656V72812,trondheim,Sentrum,0,0,0.4307,20,166.7,2.0,50.0,2.0,1.0,1.6066458950643985,0.9889336037676045,12.078,19.744,-0.2409,5.724,4.803,0.0874,0.8799,7.0,15.0,0.2851
44656V72812,trondheim,Sentrum,0,1,0.46,8,471.6,2.0,50.0,2.0,1.0,1.6066458950643985,0.9889336037676045,12.078,19.744,-0.2409,5.724,4.803,0.0874,0.8799,7.0,15.0,0.2851
44656V72812,trondheim,Sentrum,1,0,0.4625,20,113.0,2.0,50.0,2.0,1.0,1.6066458950643985,0.9889336037676045,12.078,19.744,-0.2409,5.724,4.803,0.0874,0.8799,7.0,15.0,0.2851
44656V72812,trondheim,Sentrum,1,1,0.4888,8,470.5,2.0,50.0,2.0,1.0,1.6066458950643985,0.9889336037676045,12.078,19.744,-0.2409,5.724,4.803,0.0874,0.8799,7.0,15.0,0.2851
44656V72812,trondheim,Sentrum,2,0,0.4666,20,94.2,2.0,50.0,2.0,1.0,1.6066458950643985,0.9889336037676045,12.078,19.744,-0.2409,5.724,4.803,0.0874,0.8799,7.0,15.0,0.2851
44656V72812,trondheim,Sentrum,2,1,0.4483,8,437.2,2.0,50.0,2.0,1.0,1.6066458950643985,0.9889336037676045,12.078,19.744,-0.2409,5.724,4.803,0.0874,0.8799,7.0,15.0,0.2851
44656V72812,trondheim,Sentrum,3,0,0.4927,20,74.9,2.0,50.0,2.0,1.0,1.6066458950643985,0.9889336037676045,12.078,19.744,-0.2409,5.724,4.803,0.0874,0.8799,7.0,15.0,0.2851
44656V72812,trondheim,Sentrum,3,1,0.4064,8,258.5,2.0,50.0,2.0,1.0,1.6066458950643985,0.9889336037676045,12.078,19.744,-0.2409,5.724,4.803,0.0874,0.8799,7.0,15.0,0.2851
44656V72812,trondheim,Sentrum,4,0,0.515,20,82.5,2.0,50.0,2.0,1.0,1.6066458950643985,0.9889336037676045,12.078,19.744,-0.2409,5.724,4.803,0.0874,0.8799,7.0,15.0,0.2851
44656V72812,trondheim,Sentrum,4,1,0.4224,8,115.8,2.0,50.0,2.0,1.0,1.6066458950643985,0.9889336037676045,12.078,19.744,-0.2409,5.724,4.803,0.0874,0.8799,7.0,15.0,0.2851
44656V72812,trondheim,Sentrum,5,0,0.6118,20,168.7,2.0,50.0,2.0,1.0,1.6066458950643985,0.9889336037676045,12.078,19.744,-0.2409,5.724,4.803,0.0874,0.8799,7.0,15.0,0.2851
44656V72812,trondheim,Sentrum,5,1,0.551,8,99.9,2.0,50.0,2.0,1.0,1.6066458950643985,0.9889336037676045,12.078,19.744,-0.2409,5.724,4.803,0.0874,0.8799,7.0,15.0,0.2851
44656V72812,trondheim,Sentrum,6,0,0.6508,20,844.1,2.0,50.0,2.0,1.0,1.6066458950643985,0.9889336037676045,12.078,19.744,-0.2409,5.724,4.803,0.0874,0.8799,7.0,15.0,0.2851
44656V72812,trondheim,Sentrum,6,1,0.6966,8,210.8,2.0,50.0,2.0,1.0,1.6066458950643985,0.9889336037676045,12.078,19.744,-0.2409,5.724,4.803,0.0874,0.8799,7.0,15.0,0.2851
44656V72812,trondheim,Sentrum,7,0,0.5639,20,1828.3,2.0,50.0,2.0,1.0,1.6066458950643985,0.9889336037676045,12.078,19.744,-0.2409,5.724,4.803,0.0874,0.8799,7.0,15.0,0.2851
44656V72812,trondheim,Sentrum,7,1,0.4694,8,406.8,2.0,50.0,2.0,1.0,1.6066458950643985,0.9889336037676045,12.078,19.744,-0.2409,5.724,4.803,0.0874,0.8799,7.0,15.0,0.2851
44656V72812,trondheim,Sentrum,8,0,0.5768,20,1744.0,2.0,50.0,2.0,1.0,1.6066458950643985,0.9889336037676045,12.078,19.744,-0.2409,5.724,4.803,0.0874,0.8799,7.0,15.0,0.2851
44656V72812,trondheim,Sentrum,8,1,0.5527,8,376.1,2.0,50.0,2.0,1.0,1.6066458950643985,0.9889336037676045,12.078,19.744,-0.2409,5.724,4.803,0.0874,0.8799,7.0,15.0,0.2851
44656V72812,trondheim,Sentrum,9,0,0.573,20,1576.0,2.0,50.0,2.0,1.0,1.6066458950643985,0.9889336037676045,12.078,19.744,-0.2409,5.724,4.803,0.0874,0.8799,7.0,15.0,0.2851
44656V72812,trondheim,Sentrum,9,1,0.6168,8,563.6,2.0,50.0,2.0,1.0,1.6066458950643985,0.9889336037676045,12.078,19.744,-0.2409,5.724,4.803,0.0874,0.8799,7.0,15.0,0.2851
44656V72812,trondheim,Sentrum,10,0,0.5122,20,1577.2,2.0,50.0,2.0,1.0,1.6066458950643985,0.9889336037676045,12.078,19.744,-0.2409,5.724,4.803,0.0874,0.8799,7.0,15.0,0.2851
44656V72812,trondheim,Sentrum,10,1,0.611,8,847.0,2.0,50.0,2.0,1.0,1.6066458950643985,0.9889336037676045,12.078,19.744,-0.2409,5.724,4.803,0.0874,0.8799,7.0,15.0,0.2851
44656V72812,trondheim,Sentrum,11,0,0.5098,20,1650.7,2.0,50.0,2.0,1.0,1.6066458950643985,0.9889336037676045,12.078,19.744,-0.2409,5.724,4.803,0.0874,0.8799,7.0,15.0,0.2851
44656V72812,trondheim,Sentrum,11,1,0.5879,8,1079.6,2.0,50.0,2.0,1.0,1.6066458950643985,0.9889336037676045,12.078,19.744,-0.2409,5.724,4.803,0.0874,0.8799,7.0,15.0,0.2851
44656V72812,trondheim,Sentrum,12,0,0.5134,18,1728.6,2.0,50.0,2.0,1.0,1.6066458950643985,0.9889336037676045,12.078,19.744,-0.2409,5.724,4.803,0.0874,0.8799,7.0,15.0,0.2851
44656V72812,trondheim,Sentrum,12,1,0.5638,8,1304.2,2.0,50.0,2.0,1.0,1.6066458950643985,0.9889336037676045,12.078,19.744,-0.2409,5.724,4.803,0.0874,0.8799,7.0,15.0,0.2851
44656V72812,trondheim,Sentrum,13,0,0.4684,19,1751.8,2.0,50.0,2.0,1.0,1.6066458950643985,0.9889336037676045,12.078,19.744,-0.2409,5.724,4.803,0.0874,0.8799,7.0,15.0,0.2851
44656V72812,trondheim,Sentrum,13,1,0.5229,8,1327.9,2.0,50.0,2.0,1.0,1.6066458950643985,0.9889336037676045,12.078,19.744,-0.2409,5.724,4.803,0.0874,0.8799,7.0,15.0,0.2851
44656V72812,trondheim,Sentrum,14,0,0.4327,19,1971.8,2.0,50.0,2.0,1.0,1.6066458950643985,0.9889336037676045,12.078,19.744,-0.2409,5.724,4.803,0.0874,0.8799,7.0,15.0,0.2851
44656V72812,trondheim,Sentrum,14,1,0.4984,8,1542.2,2.0,50.0,2.0,1.0,1.6066458950643985,0.9889336037676045,12.078,19.744,-0.2409,5.724,4.803,0.0874,0.8799,7.0,15.0,0.2851
44656V72812,trondheim,Sentrum,15,0,0.3984,20,2239.3,2.0,50.0,2.0,1.0,1.6066458950643985,0.9889336037676045,12.078,19.744,-0.2409,5.724,4.803,0.0874,0.8799,7.0,15.0,0.2851
44656V72812,trondheim,Sentrum,15,1,0.4393,8,1541.9,2.0,50.0,2.0,1.0,1.6066458950643985,0.9889336037676045,12.078,19.744,-0.2409,5.724,4.803,0.0874,0.8799,7.0,15.0,0.2851
44656V72812,trondheim,Sentrum,16,0,0.4489,20,1825.7,2.0,50.0,2.0,1.0,1.6066458950643985,0.9889336037676045,12.078,19.744,-0.2409,5.724,4.803,0.0874,0.8799,7.0,15.0,0.2851
44656V72812,trondheim,Sentrum,16,1,0.4467,8,1351.2,2.0,50.0,2.0,1.0,1.6066458950643985,0.9889336037676045,12.078,19.744,-0.2409,5.724,4.803,0.0874,0.8799,7.0,15.0,0.2851
44656V72812,trondheim,Sentrum,17,0,0.507,18,1492.4,2.0,50.0,2.0,1.0,1.6066458950643985,0.9889336037676045,12.078,19.744,-0.2409,5.724,4.803,0.0874,0.8799,7.0,15.0,0.2851
44656V72812,trondheim,Sentrum,17,1,0.4658,8,1345.1,2.0,50.0,2.0,1.0,1.6066458950643985,0.9889336037676045,12.078,19.744,-0.2409,5.724,4.803,0.0874,0.8799,7.0,15.0,0.2851
44656V72812,trondheim,Sentrum,18,0,0.4838,20,1294.0,2.0,50.0,2.0,1.0,1.6066458950643985,0.9889336037676045,12.078,19.744,-0.2409,5.724,4.803,0.0874,0.8799,7.0,15.0,0.2851
44656V72812,trondheim,Sentrum,18,1,0.4747,8,1121.2,2.0,50.0,2.0,1.0,1.6066458950643985,0.9889336037676045,12.078,19.744,-0.2409,5.724,4.803,0.0874,0.8799,7.0,15.0,0.2851
44656V72812,trondheim,Sentrum,19,0,0.4665,20,1146.3,2.0,50.0,2.0,1.0,1.6066458950643985,0.9889336037676045,12.078,19.744,-0.2409,5.724,4.803,0.0874,0.8799,7.0,15.0,0.2851
44656V72812,trondheim,Sentrum,19,1,0.4846,8,1033.0,2.0,50.0,2.0,1.0,1.6066458950643985,0.9889336037676045,12.078,19.744,-0.2409,5.724,4.803,0.0874,0.8799,7.0,15.0,0.2851
44656V72812,trondheim,Sentrum,20,0,0.4415,20,1010.4,2.0,50.0,2.0,1.0,1.6066458950643985,0.9889336037676045,12.078,19.744,-0.2409,5.724,4.803,0.0874,0.8799,7.0,15.0,0.2851
44656V72812,trondheim,Sentrum,20,1,0.4647,8,901.1,2.0,50.0,2.0,1.0,1.6066458950643985,0.9889336037676045,12.078,19.744,-0.2409,5.724,4.803,0.0874,0.8799,7.0,15.0,0.2851
44656V72812,trondheim,Sentrum,21,0,0.4781,20,917.5,2.0,50.0,2.0,1.0,1.6066458950643985,0.9889336037676045,12.078,19.744,-0.2409,5.724,4.803,0.0874,0.8799,7.0,15.0,0.2851
44656V72812,trondheim,Sentrum,21,1,0.5173,8,751.9,2.0,50.0,2.0,1.0,1.6066458950643985,0.9889336037676045,12.078,19.744,-0.2409,5.724,4.803,0.0874,0.8799,7.0,15.0,0.2851
44656V72812,trondheim,Sentrum,22,0,0.3839,20,658.0,2.0,50.0,2.0,1.0,1.6066458950643985,0.9889336037676045,12.078,19.744,-0.2409,5.724,4.803,0.0874,0.8799,7.0,15.0,0.2851
44656V72812,trondheim,Sentrum,22,1,0.408,8,628.1,2.0,50.0,2.0,1.0,1.6066458950643985,0.9889336037676045,12.078,19.744,-0.2409,5.724,4.803,0.0874,0.8799,7.0,15.0,0.2851
44656V72812,trondheim,Sentrum,23,0,0.4012,20,378.1,2.0,50.0,2.0,1.0,1.6066458950643985,0.9889336037676045,12.078,19.744,-0.2409,5.724,4.803,0.0874,0.8799,7.0,15.0,0.2851
44656V72812,trondheim,Sentrum,23,1,0.4131,8,464.9,2.0,50.0,2.0,1.0,1.6066458950643985,0.9889336037676045,12.078,19.744,-0.2409,5.724,4.803,0.0874,0.8799,7.0,15.0,0.2851
01676V41944,trondheim,Ila,0,0,0.5376,20,72.0,3.0,60.0,1.0,0.0,6.875833791664914,0.47000069555558277,8.514,7.957,0.0338,1.307,2.308,-0.2769,0.6716,7.0,15.0,0.2992
01676V41944,trondheim,Ila,0,1,0.4849,8,167.2,3.0,60.0,1.0,0.0,6.875833791664914,0.47000069555558277,8.514,7.957,0.0338,1.307,2.308,-0.2769,0.6716,7.0,15.0,0.2992
01676V41944,trondheim,Ila,1,0,0.5822,20,37.0,3.0,60.0,1.0,0.0,6.875833791664914,0.47000069555558277,8.514,7.957,0.0338,1.307,2.308,-0.2769,0.6716,7.0,15.0,0.2992
01676V41944,trondheim,Ila,1,1,0.5104,8,109.9,3.0,60.0,1.0,0.0,6.875833791664914,0.47000069555558277,8.514,7.957,0.0338,1.307,2.308,-0.2769,0.6716,7.0,15.0,0.2992
01676V41944,trondheim,Ila,2,1,0.468,8,74.4,3.0,60.0,1.0,0.0,6.875833791664914,0.47000069555558277,8.514,7.957,0.0338,1.307,2.308,-0.2769,0.6716,7.0,15.0,0.2992
01676V41944,trondheim,Ila,3,1,0.4662,8,60.0,3.0,60.0,1.0,0.0,6.875833791664914,0.47000069555558277,8.514,7.957,0.0338,1.307,2.308,-0.2769,0.6716,7.0,15.0,0.2992
01676V41944,trondheim,Ila,4,0,0.4621,20,39.8,3.0,60.0,1.0,0.0,6.875833791664914,0.47000069555558277,8.514,7.957,0.0338,1.307,2.308,-0.2769,0.6716,7.0,15.0,0.2992
01676V41944,trondheim,Ila,4,1,0.4996,8,34.6,3.0,60.0,1.0,0.0,6.875833791664914,0.47000069555558277,8.514,7.957,0.0338,1.307,2.308,-0.2769,0.6716,7.0,15.0,0.2992
01676V41944,trondheim,Ila,5,0,0.3608,20,127.3,3.0,60.0,1.0,0.0,6.875833791664914,0.47000069555558277,8.514,7.957,0.0338,1.307,2.308,-0.2769,0.6716,7.0,15.0,0.2992
01676V41944,trondheim,Ila,5,1,0.3996,8,33.8,3.0,60.0,1.0,0.0,6.875833791664914,0.47000069555558277,8.514,7.957,0.0338,1.307,2.308,-0.2769,0.6716,7.0,15.0,0.2992
01676V41944,trondheim,Ila,6,0,0.4428,20,600.5,3.0,60.0,1.0,0.0,6.875833791664914,0.47000069555558277,8.514,7.957,0.0338,1.307,2.308,-0.2769,0.6716,7.0,15.0,0.2992
01676V41944,trondheim,Ila,6,1,0.471,8,69.9,3.0,60.0,1.0,0.0,6.875833791664914,0.47000069555558277,8.514,7.957,0.0338,1.307,2.308,-0.2769,0.6716,7.0,15.0,0.2992
01676V41944,trondheim,Ila,7,0,0.4521,20,1219.7,3.0,60.0,1.0,0.0,6.875833791664914,0.47000069555558277,8.514,7.957,0.0338,1.307,2.308,-0.2769,0.6716,7.0,15.0,0.2992
01676V41944,trondheim,Ila,7,1,0.4721,8,158.1,3.0,60.0,1.0,0.0,6.875833791664914,0.47000069555558277,8.514,7.957,0.0338,1.307,2.308,-0.2769,0.6716,7.0,15.0,0.2992
01676V41944,trondheim,Ila,8,0,0.4292,20,935.2,3.0,60.0,1.0,0.0,6.875833791664914,0.47000069555558277,8.514,7.957,0.0338,1.307,2.308,-0.2769,0.6716,7.0,15.0,0.2992
01676V41944,trondheim,Ila,8,1,0.3817,8,243.5,3.0,60.0,1.0,0.0,6.875833791664914,0.47000069555558277,8.514,7.957,0.0338,1.307,2.308,-0.2769,0.6716,7.0,15.0,0.2992
01676V41944,trondheim,Ila,9,0,0.4338,20,768.9,3.0,60.0,1.0,0.0,6.875833791664914,0.47000069555558277,8.514,7.957,0.0338,1.307,2.308,-0.2769,0.6716,7.0,15.0,0.2992
01676V41944,trondheim,Ila,9,1,0.3914,8,445.6,3.0,60.0,1.0,0.0,6.875833791664914,0.47000069555558277,8.514,7.957,0.0338,1.307,2.308,-0.2769,0.6716,7.0,15.0,0.2992
01676V41944,trondheim,Ila,10,0,0.4558,20,855.5,3.0,60.0,1.0,0.0,6.875833791664914,0.47000069555558277,8.514,7.957,0.0338,1.307,2.308,-0.2769,0.6716,7.0,15.0,0.2992
01676V41944,trondheim,Ila,10,1,0.4579,8,699.5,3.0,60.0,1.0,0.0,6.875833791664914,0.47000069555558277,8.514,7.957,0.0338,1.307,2.308,-0.2769,0.6716,7.0,15.0,0.2992
01676V41944,trondheim,Ila,11,0,0.4829,20,928.4,3.0,60.0,1.0,0.0,6.875833791664914,0.47000069555558277,8.514,7.957,0.0338,1.307,2.308,-0.2769,0.6716,7.0,15.0,0.2992
01676V41944,trondheim,Ila,11,1,0.5002,8,897.2,3.0,60.0,1.0,0.0,6.875833791664914,0.47000069555558277,8.514,7.957,0.0338,1.307,2.308,-0.2769,0.6716,7.0,15.0,0.2992
01676V41944,trondheim,Ila,12,0,0.4995,20,983.7,3.0,60.0,1.0,0.0,6.875833791664914,0.47000069555558277,8.514,7.957,0.0338,1.307,2.308,-0.2769,0.6716,7.0,15.0,0.2992
01676V41944,trondheim,Ila,12,1,0.5132,8,1013.9,3.0,60.0,1.0,0.0,6.875833791664914,0.47000069555558277,8.514,7.957,0.0338,1.307,2.308,-0.2769,0.6716,7.0,15.0,0.2992
01676V41944,trondheim,Ila,13,0,0.505,20,1053.8,3.0,60.0,1.0,0.0,6.875833791664914,0.47000069555558277,8.514,7.957,0.0338,1.307,2.308,-0.2769,0.6716,7.0,15.0,0.2992
01676V41944,trondheim,Ila,13,1,0.5075,8,1094.9,3.0,60.0,1.0,0.0,6.875833791664914,0.47000069555558277,8.514,7.957,0.0338,1.307,2.308,-0.2769,0.6716,7.0,15.0,0.2992
01676V41944,trondheim,Ila,14,0,0.5214,20,1222.9,3.0,60.0,1.0,0.0,6.875833791664914,0.47000069555558277,8.514,7.957,0.0338,1.307,2.308,-0.2769,0.6716,7.0,15.0,0.2992
01676V41944,trondheim,Ila,14,1,0.5154,8,1162.8,3.0,60.0,1.0,0.0,6.875833791664914,0.47000069555558277,8.514,7.957,0.0338,1.307,2.308,-0.2769,0.6716,7.0,15.0,0.2992
01676V41944,trondheim,Ila,15,0,0.5073,20,1613.8,3.0,60.0,1.0,0.0,6.875833791664914,0.47000069555558277,8.514,7.957,0.0338,1.307,2.308,-0.2769,0.6716,7.0,15.0,0.2992
01676V41944,trondheim,Ila,15,1,0.5062,8,1189.4,3.0,60.0,1.0,0.0,6.875833791664914,0.47000069555558277,8.514,7.957,0.0338,1.307,2.308,-0.2769,0.6716,7.0,15.0,0.2992
01676V41944,trondheim,Ila,16,0,0.5456,20,1377.2,3.0,60.0,1.0,0.0,6.875833791664914,0.47000069555558277,8.514,7.957,0.0338,1.307,2.308,-0.2769,0.6716,7.0,15.0,0.2992
01676V41944,trondheim,Ila,16,1,0.5398,8,1090.4,3.0,60.0,1.0,0.0,6.875833791664914,0.47000069555558277,8.514,7.957,0.0338,1.307,2.308,-0.2769,0.6716,7.0,15.0,0.2992
01676V41944,trondheim,Ila,17,0,0.5028,20,1170.9,3.0,60.0,1.0,0.0,6.875833791664914,0.47000069555558277,8.514,7.957,0.0338,1.307,2.308,-0.2769,0.6716,7.0,15.0,0.2992
01676V41944,trondheim,Ila,17,1,0.5555,8,981.5,3.0,60.0,1.0,0.0,6.875833791664914,0.47000069555558277,8.514,7.957,0.0338,1.307,2.308,-0.2769,0.6716,7.0,15.0,0.2992
01676V41944,trondheim,Ila,18,0,0.5021,20,1086.0,3.0,60.0,1.0,0.0,6.875833791664914,0.47000069555558277,8.514,7.957,0.0338,1.307,2.308,-0.2769,0.6716,7.0,15.0,0.2992
01676V41944,trondheim,Ila,18,1,0.5712,8,911.9,3.0,60.0,1.0,0.0,6.875833791664914,0.47000069555558277,8.514,7.957,0.0338,1.307,2.308,-0.2769,0.6716,7.0,15.0,0.2992
01676V41944,trondheim,Ila,19,0,0.5214,20,978.1,3.0,60.0,1.0,0.0,6.875833791664914,0.47000069555558277,8.514,7.957,0.0338,1.307,2.308,-0.2769,0.6716,7.0,15.0,0.2992
01676V41944,trondheim,Ila,19,1,0.555,8,762.8,3.0,60.0,1.0,0.0,6.875833791664914,0.47000069555558277,8.514,7.957,0.0338,1.307,2.308,-0.2769,0.6716,7.0,15.0,0.2992
01676V41944,trondheim,Ila,20,0,0.5702,20,774.2,3.0,60.0,1.0,0.0,6.875833791664914,0.47000069555558277,8.514,7.957,0.0338,1.307,2.308,-0.2769,0.6716,7.0,15.0,0.2992
01676V41944,trondheim,Ila,20,1,0.5675,8,597.9,3.0,60.0,1.0,0.0,6.875833791664914,0.47000069555558277,8.514,7.957,0.0338,1.307,2.308,-0.2769,0.6716,7.0,15.0,0.2992
01676V41944,trondheim,Ila,21,0,0.5645,20,563.0,3.0,60.0,1.0,0.0,6.875833791664914,0.47000069555558277,8.514,7.957,0.0338,1.307,2.308,-0.2769,0.6716,7.0,15.0,0.2992
01676V41944,trondheim,Ila,21,1,0.5516,8,432.5,3.0,60.0,1.0,0.0,6.875833791664914,0.47000069555558277,8.514,7.957,0.0338,1.307,2.308,-0.2769,0.6716,7.0,15.0,0.2992
01676V41944,trondheim,Ila,22,0,0.4997,20,355.9,3.0,60.0,1.0,0.0,6.875833791664914,0.47000069555558277,8.514,7.957,0.0338,1.307,2.308,-0.2769,0.6716,7.0,15.0,0.2992
01676V41944,trondheim,Ila,22,1,0.527,8,302.2,3.0,60.0,1.0,0.0,6.875833791664914,0.47000069555558277,8.514,7.957,0.0338,1.307,2.308,-0.2769,0.6716,7.0,15.0,0.2992
01676V41944,trondheim,Ila,23,0,0.5259,20,175.9,3.0,60.0,1.0,0.0,6.875833791664914,0.47000069555558277,8.514,7.957,0.0338,1.307,2.308,-0.2769,0.6716,7.0,15.0,0.2992
01676V41944,trondheim,Ila,23,1,0.5452,8,171.2,3.0,60.0,1.0,0.0,6.875833791664914,0.47000069555558277,8.514,7.957,0.0338,1.307,2.308,-0.2769,0.6716,7.0,15.0,0.2992
01676V41944,trondheim,Heimdal,0,0,0.4624,20,72.0,3.0,60.0,1.0,0.0,6.875833791664914,-0.47000069555558366,7.957,8.514,-0.0338,2.308,1.307,0.2769,0.6716,7.0,15.0,0.2992
01676V41944,trondheim,Heimdal,0,1,0.5151,8,167.2,3.0,60.0,1.0,0.0,6.875833791664914,-0.47000069555558366,7.957,8.514,-0.0338,2.308,1.307,0.2769,0.6716,7.0,15.0,0.2992
01676V41944,trondheim,Heimdal,1,0,0.4178,20,37.0,3.0,60.0,1.0,0.0,6.875833791664914,-0.47000069555558366,7.957,8.514,-0.0338,2.308,1.307,0.2769,0.6716,7.0,15.0,0.2992
01676V41944,trondheim,Heimdal,1,1,0.4896,8,109.9,3.0,60.0,1.0,0.0,6.875833791664914,-0.47000069555558366,7.957,8.514,-0.0338,2.308,1.307,0.2769,0.6716,7.0,15.0,0.2992
01676V41944,trondheim,Heimdal,2,1,0.532,8,74.4,3.0,60.0,1.0,0.0,6.875833791664914,-0.47000069555558366,7.957,8.514,-0.0338,2.308,1.307,0.2769,0.6716,7.0,15.0,0.2992
01676V41944,trondheim,Heimdal,3,1,0.5338,8,60.0,3.0,60.0,1.0,0.0,6.875833791664914,-0.47000069555558366,7.957,8.514,-0.0338,2.308,1.307,0.2769,0.6716,7.0,15.0,0.2992
01676V41944,trondheim,Heimdal,4,0,0.5379,20,39.8,3.0,60.0,1.0,0.0,6.875833791664914,-0.47000069555558366,7.957,8.514,-0.0338,2.308,1.307,0.2769,0.6716,7.0,15.0,0.2992
01676V41944,trondheim,Heimdal,4,1,0.5004,8,34.6,3.0,60.0,1.0,0.0,6.875833791664914,-0.47000069555558366,7.957,8.514,-0.0338,2.308,1.307,0.2769,0.6716,7.0,15.0,0.2992
01676V41944,trondheim,Heimdal,5,0,0.6392,20,127.3,3.0,60.0,1.0,0.0,6.875833791664914,-0.47000069555558366,7.957,8.514,-0.0338,2.308,1.307,0.2769,0.6716,7.0,15.0,0.2992
01676V41944,trondheim,Heimdal,5,1,0.6004,8,33.8,3.0,60.0,1.0,0.0,6.875833791664914,-0.47000069555558366,7.957,8.514,-0.0338,2.308,1.307,0.2769,0.6716,7.0,15.0,0.2992
01676V41944,trondheim,Heimdal,6,0,0.5572,20,600.5,3.0,60.0,1.0,0.0,6.875833791664914,-0.47000069555558366,7.957,8.514,-0.0338,2.308,1.307,0.2769,0.6716,7.0,15.0,0.2992
01676V41944,trondheim,Heimdal,6,1,0.529,8,69.9,3.0,60.0,1.0,0.0,6.875833791664914,-0.47000069555558366,7.957,8.514,-0.0338,2.308,1.307,0.2769,0.6716,7.0,15.0,0.2992
01676V41944,trondheim,Heimdal,7,0,0.5479,20,1219.7,3.0,60.0,1.0,0.0,6.875833791664914,-0.47000069555558366,7.957,8.514,-0.0338,2.308,1.307,0.2769,0.6716,7.0,15.0,0.2992
01676V41944,trondheim,Heimdal,7,1,0.5279,8,158.1,3.0,60.0,1.0,0.0,6.875833791664914,-0.47000069555558366,7.957,8.514,-0.0338,2.308,1.307,0.2769,0.6716,7.0,15.0,0.2992
01676V41944,trondheim,Heimdal,8,0,0.5708,20,935.2,3.0,60.0,1.0,0.0,6.875833791664914,-0.47000069555558366,7.957,8.514,-0.0338,2.308,1.307,0.2769,0.6716,7.0,15.0,0.2992
01676V41944,trondheim,Heimdal,8,1,0.6183,8,243.5,3.0,60.0,1.0,0.0,6.875833791664914,-0.47000069555558366,7.957,8.514,-0.0338,2.308,1.307,0.2769,0.6716,7.0,15.0,0.2992
01676V41944,trondheim,Heimdal,9,0,0.5662,20,768.9,3.0,60.0,1.0,0.0,6.875833791664914,-0.47000069555558366,7.957,8.514,-0.0338,2.308,1.307,0.2769,0.6716,7.0,15.0,0.2992
01676V41944,trondheim,Heimdal,9,1,0.6086,8,445.6,3.0,60.0,1.0,0.0,6.875833791664914,-0.47000069555558366,7.957,8.514,-0.0338,2.308,1.307,0.2769,0.6716,7.0,15.0,0.2992
01676V41944,trondheim,Heimdal,10,0,0.5442,20,855.5,3.0,60.0,1.0,0.0,6.875833791664914,-0.47000069555558366,7.957,8.514,-0.0338,2.308,1.307,0.2769,0.6716,7.0,15.0,0.2992
01676V41944,trondheim,Heimdal,10,1,0.5421,8,699.5,3.0,60.0,1.0,0.0,6.875833791664914,-0.47000069555558366,7.957,8.514,-0.0338,2.308,1.307,0.2769,0.6716,7.0,15.0,0.2992
01676V41944,trondheim,Heimdal,11,0,0.5171,20,928.4,3.0,60.0,1.0,0.0,6.875833791664914,-0.47000069555558366,7.957,8.514,-0.0338,2.308,1.307,0.2769,0.6716,7.0,15.0,0.2992
01676V41944,trondheim,Heimdal,11,1,0.4998,8,897.2,3.0,60.0,1.0,0.0,6.875833791664914,-0.47000069555558366,7.957,8.514,-0.0338,2.308,1.307,0.2769,0.6716,7.0,15.0,0.2992
01676V41944,trondheim,Heimdal,12,0,0.5005,20,983.7,3.0,60.0,1.0,0.0,6.875833791664914,-0.47000069555558366,7.957,8.514,-0.0338,2.308,1.307,0.2769,0.6716,7.0,15.0,0.2992
01676V41944,trondheim,Heimdal,12,1,0.4868,8,1013.9,3.0,60.0,1.0,0.0,6.875833791664914,-0.47000069555558366,7.957,8.514,-0.0338,2.308,1.307,0.2769,0.6716,7.0,15.0,0.2992
01676V41944,trondheim,Heimdal,13,0,0.495,20,1053.8,3.0,60.0,1.0,0.0,6.875833791664914,-0.47000069555558366,7.957,8.514,-0.0338,2.308,1.307,0.2769,0.6716,7.0,15.0,0.2992
01676V41944,trondheim,Heimdal,13,1,0.4925,8,1094.9,3.0,60.0,1.0,0.0,6.875833791664914,-0.47000069555558366,7.957,8.514,-0.0338,2.308,1.307,0.2769,0.6716,7.0,15.0,0.2992
01676V41944,trondheim,Heimdal,14,0,0.4786,20,1222.9,3.0,60.0,1.0,0.0,6.875833791664914,-0.47000069555558366,7.957,8.514,-0.0338,2.308,1.307,0.2769,0.6716,7.0,15.0,0.2992
01676V41944,trondheim,Heimdal,14,1,0.4846,8,1162.8,3.0,60.0,1.0,0.0,6.875833791664914,-0.47000069555558366,7.957,8.514,-0.0338,2.308,1.307,0.2769,0.6716,7.0,15.0,0.2992
01676V41944,trondheim,Heimdal,15,0,0.4927,20,1613.8,3.0,60.0,1.0,0.0,6.875833791664914,-0.47000069555558366,7.957,8.514,-0.0338,2.308,1.307,0.2769,0.6716,7.0,15.0,0.2992
01676V41944,trondheim,Heimdal,15,1,0.4938,8,1189.4,3.0,60.0,1.0,0.0,6.875833791664914,-0.47000069555558366,7.957,8.514,-0.0338,2.308,1.307,0.2769,0.6716,7.0,15.0,0.2992
01676V41944,trondheim,Heimdal,16,0,0.4544,20,1377.2,3.0,60.0,1.0,0.0,6.875833791664914,-0.47000069555558366,7.957,8.514,-0.0338,2.308,1.307,0.2769,0.6716,7.0,15.0,0.2992
01676V41944,trondheim,Heimdal,16,1,0.4602,8,1090.4,3.0,60.0,1.0,0.0,6.875833791664914,-0.47000069555558366,7.957,8.514,-0.0338,2.308,1.307,0.2769,0.6716,7.0,15.0,0.2992
01676V41944,trondheim,Heimdal,17,0,0.4972,20,1170.9,3.0,60.0,1.0,0.0,6.875833791664914,-0.47000069555558366,7.957,8.514,-0.0338,2.308,1.307,0.2769,0.6716,7.0,15.0,0.2992
01676V41944,trondheim,Heimdal,17,1,0.4445,8,981.5,3.0,60.0,1.0,0.0,6.875833791664914,-0.47000069555558366,7.957,8.514,-0.0338,2.308,1.307,0.2769,0.6716,7.0,15.0,0.2992
01676V41944,trondheim,Heimdal,18,0,0.4979,20,1086.0,3.0,60.0,1.0,0.0,6.875833791664914,-0.47000069555558366,7.957,8.514,-0.0338,2.308,1.307,0.2769,0.6716,7.0,15.0,0.2992
01676V41944,trondheim,Heimdal,18,1,0.4288,8,911.9,3.0,60.0,1.0,0.0,6.875833791664914,-0.47000069555558366,7.957,8.514,-0.0338,2.308,1.307,0.2769,0.6716,7.0,15.0,0.2992
01676V41944,trondheim,Heimdal,19,0,0.4786,20,978.1,3.0,60.0,1.0,0.0,6.875833791664914,-0.47000069555558366,7.957,8.514,-0.0338,2.308,1.307,0.2769,0.6716,7.0,15.0,0.2992
01676V41944,trondheim,Heimdal,19,1,0.445,8,762.8,3.0,60.0,1.0,0.0,6.875833791664914,-0.47000069555558366,7.957,8.514,-0.0338,2.308,1.307,0.2769,0.6716,7.0,15.0,0.2992
01676V41944,trondheim,Heimdal,20,0,0.4298,20,774.2,3.0,60.0,1.0,0.0,6.875833791664914,-0.47000069555558366,7.957,8.514,-0.0338,2.308,1.307,0.2769,0.6716,7.0,15.0,0.2992
01676V41944,trondheim,Heimdal,20,1,0.4325,8,597.9,3.0,60.0,1.0,0.0,6.875833791664914,-0.47000069555558366,7.957,8.514,-0.0338,2.308,1.307,0.2769,0.6716,7.0,15.0,0.2992
01676V41944,trondheim,Heimdal,21,0,0.4355,20,563.0,3.0,60.0,1.0,0.0,6.875833791664914,-0.47000069555558366,7.957,8.514,-0.0338,2.308,1.307,0.2769,0.6716,7.0,15.0,0.2992
01676V41944,trondheim,Heimdal,21,1,0.4484,8,432.5,3.0,60.0,1.0,0.0,6.875833791664914,-0.47000069555558366,7.957,8.514,-0.0338,2.308,1.307,0.2769,0.6716,7.0,15.0,0.2992
01676V41944,trondheim,Heimdal,22,0,0.5003,20,355.9,3.0,60.0,1.0,0.0,6.875833791664914,-0.47000069555558366,7.957,8.514,-0.0338,2.308,1.307,0.2769,0.6716,7.0,15.0,0.2992
01676V41944,trondheim,Heimdal,22,1,0.473,8,302.2,3.0,60.0,1.0,0.0,6.875833791664914,-0.47000069555558366,7.957,8.514,-0.0338,2.308,1.307,0.2769,0.6716,7.0,15.0,0.2992
01676V41944,trondheim,Heimdal,23,0,0.4741,20,175.9,3.0,60.0,1.0,0.0,6.875833791664914,-0.47000069555558366,7.957,8.514,-0.0338,2.308,1.307,0.2769,0.6716,7.0,15.0,0.2992
01676V41944,trondheim,Heimdal,23,1,0.4548,8,171.2,3.0,60.0,1.0,0.0,6.875833791664914,-0.47000069555558366,7.957,8.514,-0.0338,2.308,1.307,0.2769,0.6716,7.0,15.0,0.2992
36935V72359,trondheim,Heimdal,0,0,0.582,20,43.9,1.0,60.0,1.0,0.0,4.2610470504449225,-0.9254352603826274,11.669,18.358,-0.2227,6.198,4.804,0.1267,0.8336,7.0,15.0,0.2461
36935V72359,trondheim,Heimdal,0,1,0.5383,8,78.8,1.0,60.0,1.0,0.0,4.2610470504449225,-0.9254352603826274,11.669,18.358,-0.2227,6.198,4.804,0.1267,0.8336,7.0,15.0,0.2461
36935V72359,trondheim,Heimdal,1,1,0.5481,8,57.1,1.0,60.0,1.0,0.0,4.2610470504449225,-0.9254352603826274,11.669,18.358,-0.2227,6.198,4.804,0.1267,0.8336,7.0,15.0,0.2461
36935V72359,trondheim,Heimdal,2,1,0.5505,8,43.1,1.0,60.0,1.0,0.0,4.2610470504449225,-0.9254352603826274,11.669,18.358,-0.2227,6.198,4.804,0.1267,0.8336,7.0,15.0,0.2461
36935V72359,trondheim,Heimdal,3,1,0.5699,8,32.6,1.0,60.0,1.0,0.0,4.2610470504449225,-0.9254352603826274,11.669,18.358,-0.2227,6.198,4.804,0.1267,0.8336,7.0,15.0,0.2461
36935V72359,trondheim,Heimdal,4,0,0.3166,20,33.8,1.0,60.0,1.0,0.0,4.2610470504449225,-0.9254352603826274,11.669,18.358,-0.2227,6.198,4.804,0.1267,0.8336,7.0,15.0,0.2461
36935V72359,trondheim,Heimdal,5,0,0.2479,20,90.8,1.0,60.0,1.0,0.0,4.2610470504449225,-0.9254352603826274,11.669,18.358,-0.2227,6.198,4.804,0.1267,0.8336,7.0,15.0,0.2461
36935V72359,trondheim,Heimdal,6,0,0.1988,20,312.6,1.0,60.0,1.0,0.0,4.2610470504449225,-0.9254352603826274,11.669,18.358,-0.2227,6.198,4.804,0.1267,0.8336,7.0,15.0,0.2461
36935V72359,trondheim,Heimdal,6,1,0.2753,8,36.0,1.0,60.0,1.0,0.0,4.2610470504449225,-0.9254352603826274,11.669,18.358,-0.2227,6.198,4.804,0.1267,0.8336,7.0,15.0,0.2461
36935V72359,trondheim,Heimdal,7,0,0.2449,20,603.6,1.0,60.0,1.0,0.0,4.2610470504449225,-0.9254352603826274,11.669,18.358,-0.2227,6.198,4.804,0.1267,0.8336,7.0,15.0,0.2461
36935V72359,trondheim,Heimdal,7,1,0.4295,8,57.5,1.0,60.0,1.0,0.0,4.2610470504449225,-0.9254352603826274,11.669,18.358,-0.2227,6.198,4.804,0.1267,0.8336,7.0,15.0,0.2461
36935V72359,trondheim,Heimdal,8,0,0.3123,20,432.3,1.0,60.0,1.0,0.0,4.2610470504449225,-0.9254352603826274,11.669,18.358,-0.2227,6.198,4.804,0.1267,0.8336,7.0,15.0,0.2461
36935V72359,trondheim,Heimdal,8,1,0.3908,8,83.9,1.0,60.0,1.0,0.0,4.2610470504449225,-0.9254352603826274,11.669,18.358,-0.2227,6.198,4.804,0.1267,0.8336,7.0,15.0,0.2461
36935V72359,trondheim,Heimdal,9,0,0.4035,20,280.9,1.0,60.0,1.0,0.0,4.2610470504449225,-0.9254352603826274,11.669,18.358,-0.2227,6.198,4.804,0.1267,0.8336,7.0,15.0,0.2461
36935V72359,trondheim,Heimdal,9,1,0.3504,8,135.9,1.0,60.0,1.0,0.0,4.2610470504449225,-0.9254352603826274,11.669,18.358,-0.2227,6.198,4.804,0.1267,0.8336,7.0,15.0,0.2461
36935V72359,trondheim,Heimdal,10,0,0.4414,20,283.5,1.0,60.0,1.0,0.0,4.2610470504449225,-0.9254352603826274,11.669,18.358,-0.2227,6.198,4.804,0.1267,0.8336,7.0,15.0,0.2461
36935V72359,trondheim,Heimdal,10,1,0.3584,8,191.4,1.0,60.0,1.0,0.0,4.2610470504449225,-0.9254352603826274,11.669,18.358,-0.2227,6.198,4.804,0.1267,0.8336,7.0,15.0,0.2461
36935V72359,trondheim,Heimdal,11,0,0.4685,20,297.4,1.0,60.0,1.0,0.0,4.2610470504449225,-0.9254352603826274,11.669,18.358,-0.2227,6.198,4.804,0.1267,0.8336,7.0,15.0,0.2461
36935V72359,trondheim,Heimdal,11,1,0.4115,8,249.6,1.0,60.0,1.0,0.0,4.2610470504449225,-0.9254352603826274,11.669,18.358,-0.2227,6.198,4.804,0.1267,0.8336,7.0,15.0,0.2461
36935V72359,trondheim,Heimdal,12,0,0.4946,20,329.3,1.0,60.0,1.0,0.0,4.2610470504449225,-0.9254352603826274,11.669,18.358,-0.2227,6.198,4.804,0.1267,0.8336,7.0,15.0,0.2461
36935V72359,trondheim,Heimdal,12,1,0.4494,8,284.2,1.0,60.0,1.0,0.0,4.2610470504449225,-0.9254352603826274,11.669,18.358,-0.2227,6.198,4.804,0.1267,0.8336,7.0,15.0,0.2461
36935V72359,trondheim,Heimdal,13,0,0.5308,20,353.2,1.0,60.0,1.0,0.0,4.2610470504449225,-0.9254352603826274,11.669,18.358,-0.2227,6.198,4.804,0.1267,0.8336,7.0,15.0,0.2461
36935V72359,trondheim,Heimdal,13,1,0.483,8,310.4,1.0,60.0,1.0,0.0,4.2610470504449225,-0.9254352603826274,11.669,18.358,-0.2227,6.198,4.804,0.1267,0.8336,7.0,15.0,0.2461
36935V72359,trondheim,Heimdal,14,0,0.5999,20,487.6,1.0,60.0,1.0,0.0,4.2610470504449225,-0.9254352603826274,11.669,18.358,-0.2227,6.198,4.804,0.1267,0.8336,7.0,15.0,0.2461
36935V72359,trondheim,Heimdal,14,1,0.5021,8,341.8,1.0,60.0,1.0,0.0,4.2610470504449225,-0.9254352603826274,11.669,18.358,-0.2227,6.198,4.804,0.1267,0.8336,7.0,15.0,0.2461
36935V72359,trondheim,Heimdal,15,0,0.6705,20,681.1,1.0,60.0,1.0,0.0,4.2610470504449225,-0.9254352603826274,11.669,18.358,-0.2227,6.198,4.804,0.1267,0.8336,7.0,15.0,0.2461
36935V72359,trondheim,Heimdal,15,1,0.5464,8,370.5,1.0,60.0,1.0,0.0,4.2610470504449225,-0.9254352603826274,11.669,18.358,-0.2227,6.198,4.804,0.1267,0.8336,7.0,15.0,0.2461
36935V72359,trondheim,Heimdal,16,0,0.6373,20,552.1,1.0,60.0,1.0,0.0,4.2610470504449225,-0.9254352603826274,11.669,18.358,-0.2227,6.198,4.804,0.1267,0.8336,7.0,15.0,0.2461
36935V72359,trondheim,Heimdal,16,1,0.5509,8,333.5,1.0,60.0,1.0,0.0,4.2610470504449225,-0.9254352603826274,11.669,18.358,-0.2227,6.198,4.804,0.1267,0.8336,7.0,15.0,0.2461
36935V72359,trondheim,Heimdal,17,0,0.5248,20,381.8,1.0,60.0,1.0,0.0,4.2610470504449225,-0.9254352603826274,11.669,18.358,-0.2227,6.198,4.804,0.1267,0.8336,7.0,15.0,0.2461
36935V72359,trondheim,Heimdal,17,1,0.5452,8,320.2,1.0,60.0,1.0,0.0,4.2610470504449225,-0.9254352603826274,11.669,18.358,-0.2227,6.198,4.804,0.1267,0.8336,7.0,15.0,0.2461
36935V72359,trondheim,Heimdal,18,0,0.5319,20,339.7,1.0,60.0,1.0,0.0,4.2610470504449225,-0.9254352603826274,11.669,18.358,-0.2227,6.198,4.804,0.1267,0.8336,7.0,15.0,0.2461
36935V72359,trondheim,Heimdal,18,1,0.53,8,269.2,1.0,60.0,1.0,0.0,4.2610470504449225,-0.9254352603826274,11.669,18.358,-0.2227,6.198,4.804,0.1267,0.8336,7.0,15.0,0.2461
36935V72359,trondheim,Heimdal,19,0,0.5464,20,296.9,1.0,60.0,1.0,0.0,4.2610470504449225,-0.9254352603826274,11.669,18.358,-0.2227,6.198,4.804,0.1267,0.8336,7.0,15.0,0.2461
36935V72359,trondheim,Heimdal,19,1,0.5364,8,243.4,1.0,60.0,1.0,0.0,4.2610470504449225,-0.9254352603826274,11.669,18.358,-0.2227,6.198,4.804,0.1267,0.8336,7.0,15.0,0.2461
36935V72359,trondheim,Heimdal,20,0,0.5771,20,254.3,1.0,60.0,1.0,0.0,4.2610470504449225,-0.9254352603826274,11.669,18.358,-0.2227,6.198,4.804,0.1267,0.8336,7.0,15.0,0.2461
36935V72359,trondheim,Heimdal,20,1,0.55,8,213.9,1.0,60.0,1.0,0.0,4.2610470504449225,-0.9254352603826274,11.669,18.358,-0.2227,6.198,4.804,0.1267,0.8336,7.0,15.0,0.2461
36935V72359,trondheim,Heimdal,21,0,0.5785,20,203.2,1.0,60.0,1.0,0.0,4.2610470504449225,-0.9254352603826274,11.669,18.358,-0.2227,6.198,4.804,0.1267,0.8336,7.0,15.0,0.2461
36935V72359,trondheim,Heimdal,21,1,0.5344,8,158.4,1.0,60.0,1.0,0.0,4.2610470504449225,-0.9254352603826274,11.669,18.358,-0.2227,6.198,4.804,0.1267,0.8336,7.0,15.0,0.2461
36935V72359,trondheim,Heimdal,22,0,0.6079,20,182.7,1.0,60.0,1.0,0.0,4.2610470504449225,-0.9254352603826274,11.669,18.358,-0.2227,6.198,4.804,0.1267,0.8336,7.0,15.0,0.2461
36935V72359,trondheim,Heimdal,22,1,0.5909,8,125.0,1.0,60.0,1.0,0.0,4.2610470504449225,-0.9254352603826274,11.669,18.358,-0.2227,6.198,4.804,0.1267,0.8336,7.0,15.0,0.2461
36935V72359,trondheim,Heimdal,23,0,0.6027,20,114.2,1.0,60.0,1.0,0.0,4.2610470504449225,-0.9254352603826274,11.669,18.358,-0.2227,6.198,4.804,0.1267,0.8336,7.0,15.0,0.2461
36935V72359,trondheim,Heimdal,23,1,0.5747,8,87.8,1.0,60.0,1.0,0.0,4.2610470504449225,-0.9254352603826274,11.669,18.358,-0.2227,6.198,4.804,0.1267,0.8336,7.0,15.0,0.2461
36935V72359,trondheim,Sluppen,0,0,0.418,20,43.9,1.0,60.0,1.0,0.0,4.2610470504449225,0.9254352603826274,18.358,11.669,0.2227,4.804,6.198,-0.1267,0.8336,7.0,15.0,0.2461
36935V72359,trondheim,Sluppen,0,1,0.4617,8,78.8,1.0,60.0,1.0,0.0,4.2610470504449225,0.9254352603826274,18.358,11.669,0.2227,4.804,6.198,-0.1267,0.8336,7.0,15.0,0.2461
36935V72359,trondheim,Sluppen,1,1,0.4519,8,57.1,1.0,60.0,1.0,0.0,4.2610470504449225,0.9254352603826274,18.358,11.669,0.2227,4.804,6.198,-0.1267,0.8336,7.0,15.0,0.2461
36935V72359,trondheim,Sluppen,2,1,0.4495,8,43.1,1.0,60.0,1.0,0.0,4.2610470504449225,0.9254352603826274,18.358,11.669,0.2227,4.804,6.198,-0.1267,0.8336,7.0,15.0,0.2461
36935V72359,trondheim,Sluppen,3,1,0.4301,8,32.6,1.0,60.0,1.0,0.0,4.2610470504449225,0.9254352603826274,18.358,11.669,0.2227,4.804,6.198,-0.1267,0.8336,7.0,15.0,0.2461
36935V72359,trondheim,Sluppen,4,0,0.6834,20,33.8,1.0,60.0,1.0,0.0,4.2610470504449225,0.9254352603826274,18.358,11.669,0.2227,4.804,6.198,-0.1267,0.8336,7.0,15.0,0.2461
36935V72359,trondheim,Sluppen,5,0,0.7521,20,90.8,1.0,60.0,1.0,0.0,4.2610470504449225,0.9254352603826274,18.358,11.669,0.2227,4.804,6.198,-0.1267,0.8336,7.0,15.0,0.2461
36935V72359,trondheim,Sluppen,6,0,0.8012,20,312.6,1.0,60.0,1.0,0.0,4.2610470504449225,0.9254352603826274,18.358,11.669,0.2227,4.804,6.198,-0.1267,0.8336,7.0,15.0,0.2461
36935V72359,trondheim,Sluppen,6,1,0.7247,8,36.0,1.0,60.0,1.0,0.0,4.2610470504449225,0.9254352603826274,18.358,11.669,0.2227,4.804,6.198,-0.1267,0.8336,7.0,15.0,0.2461
36935V72359,trondheim,Sluppen,7,0,0.7551,20,603.6,1.0,60.0,1.0,0.0,4.2610470504449225,0.9254352603826274,18.358,11.669,0.2227,4.804,6.198,-0.1267,0.8336,7.0,15.0,0.2461
36935V72359,trondheim,Sluppen,7,1,0.5705,8,57.5,1.0,60.0,1.0,0.0,4.2610470504449225,0.9254352603826274,18.358,11.669,0.2227,4.804,6.198,-0.1267,0.8336,7.0,15.0,0.2461
36935V72359,trondheim,Sluppen,8,0,0.6877,20,432.3,1.0,60.0,1.0,0.0,4.2610470504449225,0.9254352603826274,18.358,11.669,0.2227,4.804,6.198,-0.1267,0.8336,7.0,15.0,0.2461
36935V72359,trondheim,Sluppen,8,1,0.6092,8,83.9,1.0,60.0,1.0,0.0,4.2610470504449225,0.9254352603826274,18.358,11.669,0.2227,4.804,6.198,-0.1267,0.8336,7.0,15.0,0.2461
36935V72359,trondheim,Sluppen,9,0,0.5965,20,280.9,1.0,60.0,1.0,0.0,4.2610470504449225,0.9254352603826274,18.358,11.669,0.2227,4.804,6.198,-0.1267,0.8336,7.0,15.0,0.2461
36935V72359,trondheim,Sluppen,9,1,0.6496,8,135.9,1.0,60.0,1.0,0.0,4.2610470504449225,0.9254352603826274,18.358,11.669,0.2227,4.804,6.198,-0.1267,0.8336,7.0,15.0,0.2461
36935V72359,trondheim,Sluppen,10,0,0.5586,20,283.5,1.0,60.0,1.0,0.0,4.2610470504449225,0.9254352603826274,18.358,11.669,0.2227,4.804,6.198,-0.1267,0.8336,7.0,15.0,0.2461
36935V72359,trondheim,Sluppen,10,1,0.6416,8,191.4,1.0,60.0,1.0,0.0,4.2610470504449225,0.9254352603826274,18.358,11.669,0.2227,4.804,6.198,-0.1267,0.8336,7.0,15.0,0.2461
36935V72359,trondheim,Sluppen,11,0,0.5315,20,297.4,1.0,60.0,1.0,0.0,4.2610470504449225,0.9254352603826274,18.358,11.669,0.2227,4.804,6.198,-0.1267,0.8336,7.0,15.0,0.2461
36935V72359,trondheim,Sluppen,11,1,0.5885,8,249.6,1.0,60.0,1.0,0.0,4.2610470504449225,0.9254352603826274,18.358,11.669,0.2227,4.804,6.198,-0.1267,0.8336,7.0,15.0,0.2461
36935V72359,trondheim,Sluppen,12,0,0.5054,20,329.3,1.0,60.0,1.0,0.0,4.2610470504449225,0.9254352603826274,18.358,11.669,0.2227,4.804,6.198,-0.1267,0.8336,7.0,15.0,0.2461
36935V72359,trondheim,Sluppen,12,1,0.5506,8,284.2,1.0,60.0,1.0,0.0,4.2610470504449225,0.9254352603826274,18.358,11.669,0.2227,4.804,6.198,-0.1267,0.8336,7.0,15.0,0.2461
36935V72359,trondheim,Sluppen,13,0,0.4692,20,353.2,1.0,60.0,1.0,0.0,4.2610470504449225,0.9254352603826274,18.358,11.669,0.2227,4.804,6.198,-0.1267,0.8336,7.0,15.0,0.2461
36935V72359,trondheim,Sluppen,13,1,0.517,8,310.4,1.0,60.0,1.0,0.0,4.2610470504449225,0.9254352603826274,18.358,11.669,0.2227,4.804,6.198,-0.1267,0.8336,7.0,15.0,0.2461
36935V72359,trondheim,Sluppen,14,0,0.4001,20,487.6,1.0,60.0,1.0,0.0,4.2610470504449225,0.9254352603826274,18.358,11.669,0.2227,4.804,6.198,-0.1267,0.8336,7.0,15.0,0.2461
36935V72359,trondheim,Sluppen,14,1,0.4979,8,341.8,1.0,60.0,1.0,0.0,4.2610470504449225,0.9254352603826274,18.358,11.669,0.2227,4.804,6.198,-0.1267,0.8336,7.0,15.0,0.2461
36935V72359,trondheim,Sluppen,15,0,0.3295,20,681.1,1.0,60.0,1.0,0.0,4.2610470504449225,0.9254352603826274,18.358,11.669,0.2227,4.804,6.198,-0.1267,0.8336,7.0,15.0,0.2461
36935V72359,trondheim,Sluppen,15,1,0.4536,8,370.5,1.0,60.0,1.0,0.0,4.2610470504449225,0.9254352603826274,18.358,11.669,0.2227,4.804,6.198,-0.1267,0.8336,7.0,15.0,0.2461
36935V72359,trondheim,Sluppen,16,0,0.3627,20,552.1,1.0,60.0,1.0,0.0,4.2610470504449225,0.9254352603826274,18.358,11.669,0.2227,4.804,6.198,-0.1267,0.8336,7.0,15.0,0.2461
36935V72359,trondheim,Sluppen,16,1,0.4491,8,333.5,1.0,60.0,1.0,0.0,4.2610470504449225,0.9254352603826274,18.358,11.669,0.2227,4.804,6.198,-0.1267,0.8336,7.0,15.0,0.2461
36935V72359,trondheim,Sluppen,17,0,0.4752,20,381.8,1.0,60.0,1.0,0.0,4.2610470504449225,0.9254352603826274,18.358,11.669,0.2227,4.804,6.198,-0.1267,0.8336,7.0,15.0,0.2461
36935V72359,trondheim,Sluppen,17,1,0.4548,8,320.2,1.0,60.0,1.0,0.0,4.2610470504449225,0.9254352603826274,18.358,11.669,0.2227,4.804,6.198,-0.1267,0.8336,7.0,15.0,0.2461
36935V72359,trondheim,Sluppen,18,0,0.4681,20,339.7,1.0,60.0,1.0,0.0,4.2610470504449225,0.9254352603826274,18.358,11.669,0.2227,4.804,6.198,-0.1267,0.8336,7.0,15.0,0.2461
36935V72359,trondheim,Sluppen,18,1,0.47,8,269.2,1.0,60.0,1.0,0.0,4.2610470504449225,0.9254352603826274,18.358,11.669,0.2227,4.804,6.198,-0.1267,0.8336,7.0,15.0,0.2461
36935V72359,trondheim,Sluppen,19,0,0.4536,20,296.9,1.0,60.0,1.0,0.0,4.2610470504449225,0.9254352603826274,18.358,11.669,0.2227,4.804,6.198,-0.1267,0.8336,7.0,15.0,0.2461
36935V72359,trondheim,Sluppen,19,1,0.4636,8,243.4,1.0,60.0,1.0,0.0,4.2610470504449225,0.9254352603826274,18.358,11.669,0.2227,4.804,6.198,-0.1267,0.8336,7.0,15.0,0.2461
36935V72359,trondheim,Sluppen,20,0,0.4229,20,254.3,1.0,60.0,1.0,0.0,4.2610470504449225,0.9254352603826274,18.358,11.669,0.2227,4.804,6.198,-0.1267,0.8336,7.0,15.0,0.2461
36935V72359,trondheim,Sluppen,20,1,0.45,8,213.9,1.0,60.0,1.0,0.0,4.2610470504449225,0.9254352603826274,18.358,11.669,0.2227,4.804,6.198,-0.1267,0.8336,7.0,15.0,0.2461
36935V72359,trondheim,Sluppen,21,0,0.4215,20,203.2,1.0,60.0,1.0,0.0,4.2610470504449225,0.9254352603826274,18.358,11.669,0.2227,4.804,6.198,-0.1267,0.8336,7.0,15.0,0.2461
36935V72359,trondheim,Sluppen,21,1,0.4656,8,158.4,1.0,60.0,1.0,0.0,4.2610470504449225,0.9254352603826274,18.358,11.669,0.2227,4.804,6.198,-0.1267,0.8336,7.0,15.0,0.2461
36935V72359,trondheim,Sluppen,22,0,0.3921,20,182.7,1.0,60.0,1.0,0.0,4.2610470504449225,0.9254352603826274,18.358,11.669,0.2227,4.804,6.198,-0.1267,0.8336,7.0,15.0,0.2461
36935V72359,trondheim,Sluppen,22,1,0.4091,8,125.0,1.0,60.0,1.0,0.0,4.2610470504449225,0.9254352603826274,18.358,11.669,0.2227,4.804,6.198,-0.1267,0.8336,7.0,15.0,0.2461
36935V72359,trondheim,Sluppen,23,0,0.3973,20,114.2,1.0,60.0,1.0,0.0,4.2610470504449225,0.9254352603826274,18.358,11.669,0.2227,4.804,6.198,-0.1267,0.8336,7.0,15.0,0.2461
36935V72359,trondheim,Sluppen,23,1,0.4253,8,87.8,1.0,60.0,1.0,0.0,4.2610470504449225,0.9254352603826274,18.358,11.669,0.2227,4.804,6.198,-0.1267,0.8336,7.0,15.0,0.2461
06750V2429605,trondheim,Strindheim,0,0,0.4446,20,63.0,3.0,50.0,2.0,0.0,3.2553154137948805,0.7438765526684041,3.989,27.997,-0.7506,6.575,7.133,-0.0407,0.5519,12.0,15.0,0.251
06750V2429605,trondheim,Strindheim,0,1,0.4463,8,138.0,3.0,50.0,2.0,0.0,3.2553154137948805,0.7438765526684041,3.989,27.997,-0.7506,6.575,7.133,-0.0407,0.5519,12.0,15.0,0.251
06750V2429605,trondheim,Strindheim,1,0,0.4441,20,35.1,3.0,50.0,2.0,0.0,3.2553154137948805,0.7438765526684041,3.989,27.997,-0.7506,6.575,7.133,-0.0407,0.5519,12.0,15.0,0.251
06750V2429605,trondheim,Strindheim,1,1,0.3986,8,94.9,3.0,50.0,2.0,0.0,3.2553154137948805,0.7438765526684041,3.989,27.997,-0.7506,6.575,7.133,-0.0407,0.5519,12.0,15.0,0.251
06750V2429605,trondheim,Strindheim,2,1,0.3991,8,71.4,3.0,50.0,2.0,0.0,3.2553154137948805,0.7438765526684041,3.989,27.997,-0.7506,6.575,7.133,-0.0407,0.5519,12.0,15.0,0.251
06750V2429605,trondheim,Strindheim,3,1,0.4531,8,44.5,3.0,50.0,2.0,0.0,3.2553154137948805,0.7438765526684041,3.989,27.997,-0.7506,6.575,7.133,-0.0407,0.5519,12.0,15.0,0.251
06750V2429605,trondheim,Strindheim,4,0,0.4539,20,31.0,3.0,50.0,2.0,0.0,3.2553154137948805,0.7438765526684041,3.989,27.997,-0.7506,6.575,7.133,-0.0407,0.5519,12.0,15.0,0.251
06750V2429605,trondheim,Strindheim,4,1,0.4594,8,37.4,3.0,50.0,2.0,0.0,3.2553154137948805,0.7438765526684041,3.989,27.997,-0.7506,6.575,7.133,-0.0407,0.5519,12.0,15.0,0.251
06750V2429605,trondheim,Strindheim,5,0,0.3497,20,96.5,3.0,50.0,2.0,0.0,3.2553154137948805,0.7438765526684041,3.989,27.997,-0.7506,6.575,7.133,-0.0407,0.5519,12.0,15.0,0.251
06750V2429605,trondheim,Strindheim,5,1,0.4055,8,32.0,3.0,50.0,2.0,0.0,3.2553154137948805,0.7438765526684041,3.989,27.997,-0.7506,6.575,7.133,-0.0407,0.5519,12.0,15.0,0.251
06750V2429605,trondheim,Strindheim,6,0,0.3608,20,331.1,3.0,50.0,2.0,0.0,3.2553154137948805,0.7438765526684041,3.989,27.997,-0.7506,6.575,7.133,-0.0407,0.5519,12.0,15.0,0.251
06750V2429605,trondheim,Strindheim,6,1,0.3127,8,52.1,3.0,50.0,2.0,0.0,3.2553154137948805,0.7438765526684041,3.989,27.997,-0.7506,6.575,7.133,-0.0407,0.5519,12.0,15.0,0.251
06750V2429605,trondheim,Strindheim,7,0,0.3835,20,755.1,3.0,50.0,2.0,0.0,3.2553154137948805,0.7438765526684041,3.989,27.997,-0.7506,6.575,7.133,-0.0407,0.5519,12.0,15.0,0.251
06750V2429605,trondheim,Strindheim,7,1,0.4351,8,114.8,3.0,50.0,2.0,0.0,3.2553154137948805,0.7438765526684041,3.989,27.997,-0.7506,6.575,7.133,-0.0407,0.5519,12.0,15.0,0.251
06750V2429605,trondheim,Strindheim,8,0,0.3683,20,854.5,3.0,50.0,2.0,0.0,3.2553154137948805,0.7438765526684041,3.989,27.997,-0.7506,6.575,7.133,-0.0407,0.5519,12.0,15.0,0.251
06750V2429605,trondheim,Strindheim,8,1,0.3327,8,173.4,3.0,50.0,2.0,0.0,3.2553154137948805,0.7438765526684041,3.989,27.997,-0.7506,6.575,7.133,-0.0407,0.5519,12.0,15.0,0.251
06750V2429605,trondheim,Strindheim,9,0,0.3798,20,766.0,3.0,50.0,2.0,0.0,3.2553154137948805,0.7438765526684041,3.989,27.997,-0.7506,6.575,7.133,-0.0407,0.5519,12.0,15.0,0.251
06750V2429605,trondheim,Strindheim,9,1,0.3516,8,364.9,3.0,50.0,2.0,0.0,3.2553154137948805,0.7438765526684041,3.989,27.997,-0.7506,6.575,7.133,-0.0407,0.5519,12.0,15.0,0.251
06750V2429605,trondheim,Strindheim,10,0,0.391,20,954.8,3.0,50.0,2.0,0.0,3.2553154137948805,0.7438765526684041,3.989,27.997,-0.7506,6.575,7.133,-0.0407,0.5519,12.0,15.0,0.251
06750V2429605,trondheim,Strindheim,10,1,0.3775,8,589.8,3.0,50.0,2.0,0.0,3.2553154137948805,0.7438765526684041,3.989,27.997,-0.7506,6.575,7.133,-0.0407,0.5519,12.0,15.0,0.251
06750V2429605,trondheim,Strindheim,11,0,0.4085,20,1078.0,3.0,50.0,2.0,0.0,3.2553154137948805,0.7438765526684041,3.989,27.997,-0.7506,6.575,7.133,-0.0407,0.5519,12.0,15.0,0.251
06750V2429605,trondheim,Strindheim,11,1,0.3896,8,739.2,3.0,50.0,2.0,0.0,3.2553154137948805,0.7438765526684041,3.989,27.997,-0.7506,6.575,7.133,-0.0407,0.5519,12.0,15.0,0.251
06750V2429605,trondheim,Strindheim,12,0,0.431,20,1108.8,3.0,50.0,2.0,0.0,3.2553154137948805,0.7438765526684041,3.989,27.997,-0.7506,6.575,7.133,-0.0407,0.5519,12.0,15.0,0.251
06750V2429605,trondheim,Strindheim,12,1,0.4033,8,856.8,3.0,50.0,2.0,0.0,3.2553154137948805,0.7438765526684041,3.989,27.997,-0.7506,6.575,7.133,-0.0407,0.5519,12.0,15.0,0.251
06750V2429605,trondheim,Strindheim,13,0,0.4496,20,1112.7,3.0,50.0,2.0,0.0,3.2553154137948805,0.7438765526684041,3.989,27.997,-0.7506,6.575,7.133,-0.0407,0.5519,12.0,15.0,0.251
06750V2429605,trondheim,Strindheim,13,1,0.4131,8,831.4,3.0,50.0,2.0,0.0,3.2553154137948805,0.7438765526684041,3.989,27.997,-0.7506,6.575,7.133,-0.0407,0.5519,12.0,15.0,0.251
06750V2429605,trondheim,Strindheim,14,0,0.456,20,1153.8,3.0,50.0,2.0,0.0,3.2553154137948805,0.7438765526684041,3.989,27.997,-0.7506,6.575,7.133,-0.0407,0.5519,12.0,15.0,0.251
06750V2429605,trondheim,Strindheim,14,1,0.4252,8,873.6,3.0,50.0,2.0,0.0,3.2553154137948805,0.7438765526684041,3.989,27.997,-0.7506,6.575,7.133,-0.0407,0.5519,12.0,15.0,0.251
06750V2429605,trondheim,Strindheim,15,0,0.4721,20,1264.8,3.0,50.0,2.0,0.0,3.2553154137948805,0.7438765526684041,3.989,27.997,-0.7506,6.575,7.133,-0.0407,0.5519,12.0,15.0,0.251
06750V2429605,trondheim,Strindheim,15,1,0.4367,8,894.1,3.0,50.0,2.0,0.0,3.2553154137948805,0.7438765526684041,3.989,27.997,-0.7506,6.575,7.133,-0.0407,0.5519,12.0,15.0,0.251
06750V2429605,trondheim,Strindheim,16,0,0.4457,20,1226.8,3.0,50.0,2.0,0.0,3.2553154137948805,0.7438765526684041,3.989,27.997,-0.7506,6.575,7.133,-0.0407,0.5519,12.0,15.0,0.251
06750V2429605,trondheim,Strindheim,16,1,0.4488,8,884.1,3.0,50.0,2.0,0.0,3.2553154137948805,0.7438765526684041,3.989,27.997,-0.7506,6.575,7.133,-0.0407,0.5519,12.0,15.0,0.251
06750V2429605,trondheim,Strindheim,17,0,0.4133,20,1202.5,3.0,50.0,2.0,0.0,3.2553154137948805,0.7438765526684041,3.989,27.997,-0.7506,6.575,7.133,-0.0407,0.5519,12.0,15.0,0.251
06750V2429605,trondheim,Strindheim,17,1,0.4513,8,834.4,3.0,50.0,2.0,0.0,3.2553154137948805,0.7438765526684041,3.989,27.997,-0.7506,6.575,7.133,-0.0407,0.5519,12.0,15.0,0.251
06750V2429605,trondheim,Strindheim,18,0,0.4281,20,1210.6,3.0,50.0,2.0,0.0,3.2553154137948805,0.7438765526684041,3.989,27.997,-0.7506,6.575,7.133,-0.0407,0.5519,12.0,15.0,0.251
06750V2429605,trondheim,Strindheim,18,1,0.4591,8,701.5,3.0,50.0,2.0,0.0,3.2553154137948805,0.7438765526684041,3.989,27.997,-0.7506,6.575,7.133,-0.0407,0.5519,12.0,15.0,0.251
06750V2429605,trondheim,Strindheim,19,0,0.4639,20,1099.0,3.0,50.0,2.0,0.0,3.2553154137948805,0.7438765526684041,3.989,27.997,-0.7506,6.575,7.133,-0.0407,0.5519,12.0,15.0,0.251
06750V2429605,trondheim,Strindheim,19,1,0.4431,8,584.2,3.0,50.0,2.0,0.0,3.2553154137948805,0.7438765526684041,3.989,27.997,-0.7506,6.575,7.133,-0.0407,0.5519,12.0,15.0,0.251
06750V2429605,trondheim,Strindheim,20,0,0.5179,20,789.9,3.0,50.0,2.0,0.0,3.2553154137948805,0.7438765526684041,3.989,27.997,-0.7506,6.575,7.133,-0.0407,0.5519,12.0,15.0,0.251
06750V2429605,trondheim,Strindheim,20,1,0.4623,8,454.2,3.0,50.0,2.0,0.0,3.2553154137948805,0.7438765526684041,3.989,27.997,-0.7506,6.575,7.133,-0.0407,0.5519,12.0,15.0,0.251
06750V2429605,trondheim,Strindheim,21,0,0.5244,20,469.1,3.0,50.0,2.0,0.0,3.2553154137948805,0.7438765526684041,3.989,27.997,-0.7506,6.575,7.133,-0.0407,0.5519,12.0,15.0,0.251
06750V2429605,trondheim,Strindheim,21,1,0.4479,8,314.4,3.0,50.0,2.0,0.0,3.2553154137948805,0.7438765526684041,3.989,27.997,-0.7506,6.575,7.133,-0.0407,0.5519,12.0,15.0,0.251
06750V2429605,trondheim,Strindheim,22,0,0.4995,20,268.9,3.0,50.0,2.0,0.0,3.2553154137948805,0.7438765526684041,3.989,27.997,-0.7506,6.575,7.133,-0.0407,0.5519,12.0,15.0,0.251
06750V2429605,trondheim,Strindheim,22,1,0.4478,8,230.4,3.0,50.0,2.0,0.0,3.2553154137948805,0.7438765526684041,3.989,27.997,-0.7506,6.575,7.133,-0.0407,0.5519,12.0,15.0,0.251
06750V2429605,trondheim,Strindheim,23,0,0.4344,20,153.3,3.0,50.0,2.0,0.0,3.2553154137948805,0.7438765526684041,3.989,27.997,-0.7506,6.575,7.133,-0.0407,0.5519,12.0,15.0,0.251
06750V2429605,trondheim,Strindheim,23,1,0.4215,8,173.9,3.0,50.0,2.0,0.0,3.2553154137948805,0.7438765526684041,3.989,27.997,-0.7506,6.575,7.133,-0.0407,0.5519,12.0,15.0,0.251
06750V2429605,trondheim,Lade,0,0,0.5554,20,63.0,3.0,50.0,2.0,0.0,3.2553154137948805,-0.7438765526684041,27.997,3.989,0.7506,7.133,6.575,0.0407,0.5519,12.0,15.0,0.251
06750V2429605,trondheim,Lade,0,1,0.5537,8,138.0,3.0,50.0,2.0,0.0,3.2553154137948805,-0.7438765526684041,27.997,3.989,0.7506,7.133,6.575,0.0407,0.5519,12.0,15.0,0.251
06750V2429605,trondheim,Lade,1,0,0.5559,20,35.1,3.0,50.0,2.0,0.0,3.2553154137948805,-0.7438765526684041,27.997,3.989,0.7506,7.133,6.575,0.0407,0.5519,12.0,15.0,0.251
06750V2429605,trondheim,Lade,1,1,0.6014,8,94.9,3.0,50.0,2.0,0.0,3.2553154137948805,-0.7438765526684041,27.997,3.989,0.7506,7.133,6.575,0.0407,0.5519,12.0,15.0,0.251
06750V2429605,trondheim,Lade,2,1,0.6009,8,71.4,3.0,50.0,2.0,0.0,3.2553154137948805,-0.7438765526684041,27.997,3.989,0.7506,7.133,6.575,0.0407,0.5519,12.0,15.0,0.251
06750V2429605,trondheim,Lade,3,1,0.5469,8,44.5,3.0,50.0,2.0,0.0,3.2553154137948805,-0.7438765526684041,27.997,3.989,0.7506,7.133,6.575,0.0407,0.5519,12.0,15.0,0.251
06750V2429605,trondheim,Lade,4,0,0.5461,20,31.0,3.0,50.0,2.0,0.0,3.2553154137948805,-0.7438765526684041,27.997,3.989,0.7506,7.133,6.575,0.0407,0.5519,12.0,15.0,0.251
06750V2429605,trondheim,Lade,4,1,0.5406,8,37.4,3.0,50.0,2.0,0.0,3.2553154137948805,-0.7438765526684041,27.997,3.989,0.7506,7.133,6.575,0.0407,0.5519,12.0,15.0,0.251
06750V2429605,trondheim,Lade,5,0,0.6503,20,96.5,3.0,50.0,2.0,0.0,3.2553154137948805,-0.7438765526684041,27.997,3.989,0.7506,7.133,6.575,0.0407,0.5519,12.0,15.0,0.251
06750V2429605,trondheim,Lade,5,1,0.5945,8,32.0,3.0,50.0,2.0,0.0,3.2553154137948805,-0.7438765526684041,27.997,3.989,0.7506,7.133,6.575,0.0407,0.5519,12.0,15.0,0.251
06750V2429605,trondheim,Lade,6,0,0.6392,20,331.1,3.0,50.0,2.0,0.0,3.2553154137948805,-0.7438765526684041,27.997,3.989,0.7506,7.133,6.575,0.0407,0.5519,12.0,15.0,0.251
06750V2429605,trondheim,Lade,6,1,0.6873,8,52.1,3.0,50.0,2.0,0.0,3.2553154137948805,-0.7438765526684041,27.997,3.989,0.7506,7.133,6.575,0.0407,0.5519,12.0,15.0,0.251
06750V2429605,trondheim,Lade,7,0,0.6165,20,755.1,3.0,50.0,2.0,0.0,3.2553154137948805,-0.7438765526684041,27.997,3.989,0.7506,7.133,6.575,0.0407,0.5519,12.0,15.0,0.251
06750V2429605,trondheim,Lade,7,1,0.5649,8,114.8,3.0,50.0,2.0,0.0,3.2553154137948805,-0.7438765526684041,27.997,3.989,0.7506,7.133,6.575,0.0407,0.5519,12.0,15.0,0.251
06750V2429605,trondheim,Lade,8,0,0.6317,20,854.5,3.0,50.0,2.0,0.0,3.2553154137948805,-0.7438765526684041,27.997,3.989,0.7506,7.133,6.575,0.0407,0.5519,12.0,15.0,0.251
06750V2429605,trondheim,Lade,8,1,0.6673,8,173.4,3.0,50.0,2.0,0.0,3.2553154137948805,-0.7438765526684041,27.997,3.989,0.7506,7.133,6.575,0.0407,0.5519,12.0,15.0,0.251
06750V2429605,trondheim,Lade,9,0,0.6202,20,766.0,3.0,50.0,2.0,0.0,3.2553154137948805,-0.7438765526684041,27.997,3.989,0.7506,7.133,6.575,0.0407,0.5519,12.0,15.0,0.251
06750V2429605,trondheim,Lade,9,1,0.6484,8,364.9,3.0,50.0,2.0,0.0,3.2553154137948805,-0.7438765526684041,27.997,3.989,0.7506,7.133,6.575,0.0407,0.5519,12.0,15.0,0.251
06750V2429605,trondheim,Lade,10,0,0.609,20,954.8,3.0,50.0,2.0,0.0,3.2553154137948805,-0.7438765526684041,27.997,3.989,0.7506,7.133,6.575,0.0407,0.5519,12.0,15.0,0.251
06750V2429605,trondheim,Lade,10,1,0.6225,8,589.8,3.0,50.0,2.0,0.0,3.2553154137948805,-0.7438765526684041,27.997,3.989,0.7506,7.133,6.575,0.0407,0.5519,12.0,15.0,0.251
06750V2429605,trondheim,Lade,11,0,0.5915,20,1078.0,3.0,50.0,2.0,0.0,3.2553154137948805,-0.7438765526684041,27.997,3.989,0.7506,7.133,6.575,0.0407,0.5519,12.0,15.0,0.251
06750V2429605,trondheim,Lade,11,1,0.6104,8,739.2,3.0,50.0,2.0,0.0,3.2553154137948805,-0.7438765526684041,27.997,3.989,0.7506,7.133,6.575,0.0407,0.5519,12.0,15.0,0.251
06750V2429605,trondheim,Lade,12,0,0.569,20,1108.8,3.0,50.0,2.0,0.0,3.2553154137948805,-0.7438765526684041,27.997,3.989,0.7506,7.133,6.575,0.0407,0.5519,12.0,15.0,0.251
06750V2429605,trondheim,Lade,12,1,0.5967,8,856.8,3.0,50.0,2.0,0.0,3.2553154137948805,-0.7438765526684041,27.997,3.989,0.7506,7.133,6.575,0.0407,0.5519,12.0,15.0,0.251
06750V2429605,trondheim,Lade,13,0,0.5504,20,1112.7,3.0,50.0,2.0,0.0,3.2553154137948805,-0.7438765526684041,27.997,3.989,0.7506,7.133,6.575,0.0407,0.5519,12.0,15.0,0.251
06750V2429605,trondheim,Lade,13,1,0.5869,8,831.4,3.0,50.0,2.0,0.0,3.2553154137948805,-0.7438765526684041,27.997,3.989,0.7506,7.133,6.575,0.0407,0.5519,12.0,15.0,0.251
06750V2429605,trondheim,Lade,14,0,0.544,20,1153.8,3.0,50.0,2.0,0.0,3.2553154137948805,-0.7438765526684041,27.997,3.989,0.7506,7.133,6.575,0.0407,0.5519,12.0,15.0,0.251
06750V2429605,trondheim,Lade,14,1,0.5748,8,873.6,3.0,50.0,2.0,0.0,3.2553154137948805,-0.7438765526684041,27.997,3.989,0.7506,7.133,6.575,0.0407,0.5519,12.0,15.0,0.251
06750V2429605,trondheim,Lade,15,0,0.5279,20,1264.8,3.0,50.0,2.0,0.0,3.2553154137948805,-0.7438765526684041,27.997,3.989,0.7506,7.133,6.575,0.0407,0.5519,12.0,15.0,0.251
06750V2429605,trondheim,Lade,15,1,0.5633,8,894.1,3.0,50.0,2.0,0.0,3.2553154137948805,-0.7438765526684041,27.997,3.989,0.7506,7.133,6.575,0.0407,0.5519,12.0,15.0,0.251
06750V2429605,trondheim,Lade,16,0,0.5543,20,1226.8,3.0,50.0,2.0,0.0,3.2553154137948805,-0.7438765526684041,27.997,3.989,0.7506,7.133,6.575,0.0407,0.5519,12.0,15.0,0.251
06750V2429605,trondheim,Lade,16,1,0.5512,8,884.1,3.0,50.0,2.0,0.0,3.2553154137948805,-0.7438765526684041,27.997,3.989,0.7506,7.133,6.575,0.0407,0.5519,12.0,15.0,0.251
06750V2429605,trondheim,Lade,17,0,0.5867,20,1202.5,3.0,50.0,2.0,0.0,3.2553154137948805,-0.7438765526684041,27.997,3.989,0.7506,7.133,6.575,0.0407,0.5519,12.0,15.0,0.251
06750V2429605,trondheim,Lade,17,1,0.5487,8,834.4,3.0,50.0,2.0,0.0,3.2553154137948805,-0.7438765526684041,27.997,3.989,0.7506,7.133,6.575,0.0407,0.5519,12.0,15.0,0.251
06750V2429605,trondheim,Lade,18,0,0.5719,20,1210.6,3.0,50.0,2.0,0.0,3.2553154137948805,-0.7438765526684041,27.997,3.989,0.7506,7.133,6.575,0.0407,0.5519,12.0,15.0,0.251
06750V2429605,trondheim,Lade,18,1,0.5409,8,701.5,3.0,50.0,2.0,0.0,3.2553154137948805,-0.7438765526684041,27.997,3.989,0.7506,7.133,6.575,0.0407,0.5519,12.0,15.0,0.251
06750V2429605,trondheim,Lade,19,0,0.5361,20,1099.0,3.0,50.0,2.0,0.0,3.2553154137948805,-0.7438765526684041,27.997,3.989,0.7506,7.133,6.575,0.0407,0.5519,12.0,15.0,0.251
06750V2429605,trondheim,Lade,19,1,0.5569,8,584.2,3.0,50.0,2.0,0.0,3.2553154137948805,-0.7438765526684041,27.997,3.989,0.7506,7.133,6.575,0.0407,0.5519,12.0,15.0,0.251
06750V2429605,trondheim,Lade,20,0,0.4821,20,789.9,3.0,50.0,2.0,0.0,3.2553154137948805,-0.7438765526684041,27.997,3.989,0.7506,7.133,6.575,0.0407,0.5519,12.0,15.0,0.251
06750V2429605,trondheim,Lade,20,1,0.5377,8,454.2,3.0,50.0,2.0,0.0,3.2553154137948805,-0.7438765526684041,27.997,3.989,0.7506,7.133,6.575,0.0407,0.5519,12.0,15.0,0.251
06750V2429605,trondheim,Lade,21,0,0.4756,20,469.1,3.0,50.0,2.0,0.0,3.2553154137948805,-0.7438765526684041,27.997,3.989,0.7506,7.133,6.575,0.0407,0.5519,12.0,15.0,0.251
06750V2429605,trondheim,Lade,21,1,0.5521,8,314.4,3.0,50.0,2.0,0.0,3.2553154137948805,-0.7438765526684041,27.997,3.989,0.7506,7.133,6.575,0.0407,0.5519,12.0,15.0,0.251
06750V2429605,trondheim,Lade,22,0,0.5005,20,268.9,3.0,50.0,2.0,0.0,3.2553154137948805,-0.7438765526684041,27.997,3.989,0.7506,7.133,6.575,0.0407,0.5519,12.0,15.0,0.251
06750V2429605,trondheim,Lade,22,1,0.5522,8,230.4,3.0,50.0,2.0,0.0,3.2553154137948805,-0.7438765526684041,27.997,3.989,0.7506,7.133,6.575,0.0407,0.5519,12.0,15.0,0.251
06750V2429605,trondheim,Lade,23,0,0.5656,20,153.3,3.0,50.0,2.0,0.0,3.2553154137948805,-0.7438765526684041,27.997,3.989,0.7506,7.133,6.575,0.0407,0.5519,12.0,15.0,0.251
06750V2429605,trondheim,Lade,23,1,0.5785,8,173.9,3.0,50.0,2.0,0.0,3.2553154137948805,-0.7438765526684041,27.997,3.989,0.7506,7.133,6.575,0.0407,0.5519,12.0,15.0,0.251
46684V1842951,trondheim,Selsbakk,0,0,0.6271,19,35.3,1.0,50.0,2.0,0.0,1.6191301616606222,-0.23084447464102117,21.458,21.413,0.001,6.66,2.356,0.4774,0.9296,7.0,15.0,0.2548
46684V1842951,trondheim,Selsbakk,0,1,0.621,8,90.2,1.0,50.0,2.0,0.0,1.6191301616606222,-0.23084447464102117,21.458,21.413,0.001,6.66,2.356,0.4774,0.9296,7.0,15.0,0.2548
46684V1842951,trondheim,Selsbakk,1,1,0.568,8,66.5,1.0,50.0,2.0,0.0,1.6191301616606222,-0.23084447464102117,21.458,21.413,0.001,6.66,2.356,0.4774,0.9296,7.0,15.0,0.2548
46684V1842951,trondheim,Selsbakk,2,1,0.5717,8,40.9,1.0,50.0,2.0,0.0,1.6191301616606222,-0.23084447464102117,21.458,21.413,0.001,6.66,2.356,0.4774,0.9296,7.0,15.0,0.2548
46684V1842951,trondheim,Selsbakk,5,0,0.3699,20,69.5,1.0,50.0,2.0,0.0,1.6191301616606222,-0.23084447464102117,21.458,21.413,0.001,6.66,2.356,0.4774,0.9296,7.0,15.0,0.2548
46684V1842951,trondheim,Selsbakk,6,0,0.4491,20,401.9,1.0,50.0,2.0,0.0,1.6191301616606222,-0.23084447464102117,21.458,21.413,0.001,6.66,2.356,0.4774,0.9296,7.0,15.0,0.2548
46684V1842951,trondheim,Selsbakk,6,1,0.4367,8,41.2,1.0,50.0,2.0,0.0,1.6191301616606222,-0.23084447464102117,21.458,21.413,0.001,6.66,2.356,0.4774,0.9296,7.0,15.0,0.2548
46684V1842951,trondheim,Selsbakk,7,0,0.4426,20,730.4,1.0,50.0,2.0,0.0,1.6191301616606222,-0.23084447464102117,21.458,21.413,0.001,6.66,2.356,0.4774,0.9296,7.0,15.0,0.2548
46684V1842951,trondheim,Selsbakk,7,1,0.4599,8,75.2,1.0,50.0,2.0,0.0,1.6191301616606222,-0.23084447464102117,21.458,21.413,0.001,6.66,2.356,0.4774,0.9296,7.0,15.0,0.2548
46684V1842951,trondheim,Selsbakk,8,0,0.4238,20,650.2,1.0,50.0,2.0,0.0,1.6191301616606222,-0.23084447464102117,21.458,21.413,0.001,6.66,2.356,0.4774,0.9296,7.0,15.0,0.2548
46684V1842951,trondheim,Selsbakk,8,1,0.4116,8,127.4,1.0,50.0,2.0,0.0,1.6191301616606222,-0.23084447464102117,21.458,21.413,0.001,6.66,2.356,0.4774,0.9296,7.0,15.0,0.2548
46684V1842951,trondheim,Selsbakk,9,0,0.4868,20,464.2,1.0,50.0,2.0,0.0,1.6191301616606222,-0.23084447464102117,21.458,21.413,0.001,6.66,2.356,0.4774,0.9296,7.0,15.0,0.2548
46684V1842951,trondheim,Selsbakk,9,1,0.4032,8,234.2,1.0,50.0,2.0,0.0,1.6191301616606222,-0.23084447464102117,21.458,21.413,0.001,6.66,2.356,0.4774,0.9296,7.0,15.0,0.2548
46684V1842951,trondheim,Selsbakk,10,0,0.5167,20,456.0,1.0,50.0,2.0,0.0,1.6191301616606222,-0.23084447464102117,21.458,21.413,0.001,6.66,2.356,0.4774,0.9296,7.0,15.0,0.2548
46684V1842951,trondheim,Selsbakk,10,1,0.4723,8,294.8,1.0,50.0,2.0,0.0,1.6191301616606222,-0.23084447464102117,21.458,21.413,0.001,6.66,2.356,0.4774,0.9296,7.0,15.0,0.2548
46684V1842951,trondheim,Selsbakk,11,0,0.5021,20,480.2,1.0,50.0,2.0,0.0,1.6191301616606222,-0.23084447464102117,21.458,21.413,0.001,6.66,2.356,0.4774,0.9296,7.0,15.0,0.2548
46684V1842951,trondheim,Selsbakk,11,1,0.4757,8,378.6,1.0,50.0,2.0,0.0,1.6191301616606222,-0.23084447464102117,21.458,21.413,0.001,6.66,2.356,0.4774,0.9296,7.0,15.0,0.2548
46684V1842951,trondheim,Selsbakk,12,0,0.5108,20,515.0,1.0,50.0,2.0,0.0,1.6191301616606222,-0.23084447464102117,21.458,21.413,0.001,6.66,2.356,0.4774,0.9296,7.0,15.0,0.2548
46684V1842951,trondheim,Selsbakk,12,1,0.4843,8,410.4,1.0,50.0,2.0,0.0,1.6191301616606222,-0.23084447464102117,21.458,21.413,0.001,6.66,2.356,0.4774,0.9296,7.0,15.0,0.2548
46684V1842951,trondheim,Selsbakk,13,0,0.5365,20,561.0,1.0,50.0,2.0,0.0,1.6191301616606222,-0.23084447464102117,21.458,21.413,0.001,6.66,2.356,0.4774,0.9296,7.0,15.0,0.2548
46684V1842951,trondheim,Selsbakk,13,1,0.5066,8,422.6,1.0,50.0,2.0,0.0,1.6191301616606222,-0.23084447464102117,21.458,21.413,0.001,6.66,2.356,0.4774,0.9296,7.0,15.0,0.2548
46684V1842951,trondheim,Selsbakk,14,0,0.5411,20,675.0,1.0,50.0,2.0,0.0,1.6191301616606222,-0.23084447464102117,21.458,21.413,0.001,6.66,2.356,0.4774,0.9296,7.0,15.0,0.2548
46684V1842951,trondheim,Selsbakk,14,1,0.538,8,456.6,1.0,50.0,2.0,0.0,1.6191301616606222,-0.23084447464102117,21.458,21.413,0.001,6.66,2.356,0.4774,0.9296,7.0,15.0,0.2548
46684V1842951,trondheim,Selsbakk,15,0,0.5098,20,793.1,1.0,50.0,2.0,0.0,1.6191301616606222,-0.23084447464102117,21.458,21.413,0.001,6.66,2.356,0.4774,0.9296,7.0,15.0,0.2548
46684V1842951,trondheim,Selsbakk,15,1,0.5333,8,493.5,1.0,50.0,2.0,0.0,1.6191301616606222,-0.23084447464102117,21.458,21.413,0.001,6.66,2.356,0.4774,0.9296,7.0,15.0,0.2548
46684V1842951,trondheim,Selsbakk,16,0,0.5113,20,649.3,1.0,50.0,2.0,0.0,1.6191301616606222,-0.23084447464102117,21.458,21.413,0.001,6.66,2.356,0.4774,0.9296,7.0,15.0,0.2548
46684V1842951,trondheim,Selsbakk,16,1,0.5367,8,462.6,1.0,50.0,2.0,0.0,1.6191301616606222,-0.23084447464102117,21.458,21.413,0.001,6.66,2.356,0.4774,0.9296,7.0,15.0,0.2548
46684V1842951,trondheim,Selsbakk,17,0,0.5007,20,529.8,1.0,50.0,2.0,0.0,1.6191301616606222,-0.23084447464102117,21.458,21.413,0.001,6.66,2.356,0.4774,0.9296,7.0,15.0,0.2548
46684V1842951,trondheim,Selsbakk,17,1,0.5501,8,436.0,1.0,50.0,2.0,0.0,1.6191301616606222,-0.23084447464102117,21.458,21.413,0.001,6.66,2.356,0.4774,0.9296,7.0,15.0,0.2548
46684V1842951,trondheim,Selsbakk,18,0,0.5066,20,444.6,1.0,50.0,2.0,0.0,1.6191301616606222,-0.23084447464102117,21.458,21.413,0.001,6.66,2.356,0.4774,0.9296,7.0,15.0,0.2548
46684V1842951,trondheim,Selsbakk,18,1,0.542,8,385.8,1.0,50.0,2.0,0.0,1.6191301616606222,-0.23084447464102117,21.458,21.413,0.001,6.66,2.356,0.4774,0.9296,7.0,15.0,0.2548
46684V1842951,trondheim,Selsbakk,19,0,0.5215,20,378.8,1.0,50.0,2.0,0.0,1.6191301616606222,-0.23084447464102117,21.458,21.413,0.001,6.66,2.356,0.4774,0.9296,7.0,15.0,0.2548
46684V1842951,trondheim,Selsbakk,19,1,0.5365,8,335.5,1.0,50.0,2.0,0.0,1.6191301616606222,-0.23084447464102117,21.458,21.413,0.001,6.66,2.356,0.4774,0.9296,7.0,15.0,0.2548
46684V1842951,trondheim,Selsbakk,20,0,0.5649,20,333.4,1.0,50.0,2.0,0.0,1.6191301616606222,-0.23084447464102117,21.458,21.413,0.001,6.66,2.356,0.4774,0.9296,7.0,15.0,0.2548
46684V1842951,trondheim,Selsbakk,20,1,0.5424,8,282.2,1.0,50.0,2.0,0.0,1.6191301616606222,-0.23084447464102117,21.458,21.413,0.001,6.66,2.356,0.4774,0.9296,7.0,15.0,0.2548
46684V1842951,trondheim,Selsbakk,21,0,0.5806,20,240.2,1.0,50.0,2.0,0.0,1.6191301616606222,-0.23084447464102117,21.458,21.413,0.001,6.66,2.356,0.4774,0.9296,7.0,15.0,0.2548
46684V1842951,trondheim,Selsbakk,21,1,0.5579,8,193.0,1.0,50.0,2.0,0.0,1.6191301616606222,-0.23084447464102117,21.458,21.413,0.001,6.66,2.356,0.4774,0.9296,7.0,15.0,0.2548
46684V1842951,trondheim,Selsbakk,22,0,0.5666,20,147.9,1.0,50.0,2.0,0.0,1.6191301616606222,-0.23084447464102117,21.458,21.413,0.001,6.66,2.356,0.4774,0.9296,7.0,15.0,0.2548
46684V1842951,trondheim,Selsbakk,22,1,0.6017,8,146.4,1.0,50.0,2.0,0.0,1.6191301616606222,-0.23084447464102117,21.458,21.413,0.001,6.66,2.356,0.4774,0.9296,7.0,15.0,0.2548
46684V1842951,trondheim,Selsbakk,23,0,0.5738,20,96.2,1.0,50.0,2.0,0.0,1.6191301616606222,-0.23084447464102117,21.458,21.413,0.001,6.66,2.356,0.4774,0.9296,7.0,15.0,0.2548
46684V1842951,trondheim,Selsbakk,23,1,0.5785,8,113.9,1.0,50.0,2.0,0.0,1.6191301616606222,-0.23084447464102117,21.458,21.413,0.001,6.66,2.356,0.4774,0.9296,7.0,15.0,0.2548
46684V1842951,trondheim,Ila,0,0,0.3729,19,35.3,1.0,50.0,2.0,0.0,1.6191301616606222,0.23084447464101976,21.413,21.458,-0.001,2.356,6.66,-0.4774,0.9296,7.0,15.0,0.2548
46684V1842951,trondheim,Ila,0,1,0.379,8,90.2,1.0,50.0,2.0,0.0,1.6191301616606222,0.23084447464101976,21.413,21.458,-0.001,2.356,6.66,-0.4774,0.9296,7.0,15.0,0.2548
46684V1842951,trondheim,Ila,1,1,0.432,8,66.5,1.0,50.0,2.0,0.0,1.6191301616606222,0.23084447464101976,21.413,21.458,-0.001,2.356,6.66,-0.4774,0.9296,7.0,15.0,0.2548
46684V1842951,trondheim,Ila,2,1,0.4283,8,40.9,1.0,50.0,2.0,0.0,1.6191301616606222,0.23084447464101976,21.413,21.458,-0.001,2.356,6.66,-0.4774,0.9296,7.0,15.0,0.2548
46684V1842951,trondheim,Ila,5,0,0.6301,20,69.5,1.0,50.0,2.0,0.0,1.6191301616606222,0.23084447464101976,21.413,21.458,-0.001,2.356,6.66,-0.4774,0.9296,7.0,15.0,0.2548
46684V1842951,trondheim,Ila,6,0,0.5509,20,401.9,1.0,50.0,2.0,0.0,1.6191301616606222,0.23084447464101976,21.413,21.458,-0.001,2.356,6.66,-0.4774,0.9296,7.0,15.0,0.2548
46684V1842951,trondheim,Ila,6,1,0.5633,8,41.2,1.0,50.0,2.0,0.0,1.6191301616606222,0.23084447464101976,21.413,21.458,-0.001,2.356,6.66,-0.4774,0.9296,7.0,15.0,0.2548
46684V1842951,trondheim,Ila,7,0,0.5574,20,730.4,1.0,50.0,2.0,0.0,1.6191301616606222,0.23084447464101976,21.413,21.458,-0.001,2.356,6.66,-0.4774,0.9296,7.0,15.0,0.2548
46684V1842951,trondheim,Ila,7,1,0.5401,8,75.2,1.0,50.0,2.0,0.0,1.6191301616606222,0.23084447464101976,21.413,21.458,-0.001,2.356,6.66,-0.4774,0.9296,7.0,15.0,0.2548
46684V1842951,trondheim,Ila,8,0,0.5762,20,650.2,1.0,50.0,2.0,0.0,1.6191301616606222,0.23084447464101976,21.413,21.458,-0.001,2.356,6.66,-0.4774,0.9296,7.0,15.0,0.2548
46684V1842951,trondheim,Ila,8,1,0.5884,8,127.4,1.0,50.0,2.0,0.0,1.6191301616606222,0.23084447464101976,21.413,21.458,-0.001,2.356,6.66,-0.4774,0.9296,7.0,15.0,0.2548
46684V1842951,trondheim,Ila,9,0,0.5132,20,464.2,1.0,50.0,2.0,0.0,1.6191301616606222,0.23084447464101976,21.413,21.458,-0.001,2.356,6.66,-0.4774,0.9296,7.0,15.0,0.2548
46684V1842951,trondheim,Ila,9,1,0.5968,8,234.2,1.0,50.0,2.0,0.0,1.6191301616606222,0.23084447464101976,21.413,21.458,-0.001,2.356,6.66,-0.4774,0.9296,7.0,15.0,0.2548
46684V1842951,trondheim,Ila,10,0,0.4833,20,456.0,1.0,50.0,2.0,0.0,1.6191301616606222,0.23084447464101976,21.413,21.458,-0.001,2.356,6.66,-0.4774,0.9296,7.0,15.0,0.2548
46684V1842951,trondheim,Ila,10,1,0.5277,8,294.8,1.0,50.0,2.0,0.0,1.6191301616606222,0.23084447464101976,21.413,21.458,-0.001,2.356,6.66,-0.4774,0.9296,7.0,15.0,0.2548
46684V1842951,trondheim,Ila,11,0,0.4979,20,480.2,1.0,50.0,2.0,0.0,1.6191301616606222,0.23084447464101976,21.413,21.458,-0.001,2.356,6.66,-0.4774,0.9296,7.0,15.0,0.2548
46684V1842951,trondheim,Ila,11,1,0.5243,8,378.6,1.0,50.0,2.0,0.0,1.6191301616606222,0.23084447464101976,21.413,21.458,-0.001,2.356,6.66,-0.4774,0.9296,7.0,15.0,0.2548
46684V1842951,trondheim,Ila,12,0,0.4892,20,515.0,1.0,50.0,2.0,0.0,1.6191301616606222,0.23084447464101976,21.413,21.458,-0.001,2.356,6.66,-0.4774,0.9296,7.0,15.0,0.2548
46684V1842951,trondheim,Ila,12,1,0.5157,8,410.4,1.0,50.0,2.0,0.0,1.6191301616606222,0.23084447464101976,21.413,21.458,-0.001,2.356,6.66,-0.4774,0.9296,7.0,15.0,0.2548
46684V1842951,trondheim,Ila,13,0,0.4635,20,561.0,1.0,50.0,2.0,0.0,1.6191301616606222,0.23084447464101976,21.413,21.458,-0.001,2.356,6.66,-0.4774,0.9296,7.0,15.0,0.2548
46684V1842951,trondheim,Ila,13,1,0.4934,8,422.6,1.0,50.0,2.0,0.0,1.6191301616606222,0.23084447464101976,21.413,21.458,-0.001,2.356,6.66,-0.4774,0.9296,7.0,15.0,0.2548
46684V1842951,trondheim,Ila,14,0,0.4589,20,675.0,1.0,50.0,2.0,0.0,1.6191301616606222,0.23084447464101976,21.413,21.458,-0.001,2.356,6.66,-0.4774,0.9296,7.0,15.0,0.2548
46684V1842951,trondheim,Ila,14,1,0.462,8,456.6,1.0,50.0,2.0,0.0,1.6191301616606222,0.23084447464101976,21.413,21.458,-0.001,2.356,6.66,-0.4774,0.9296,7.0,15.0,0.2548
46684V1842951,trondheim,Ila,15,0,0.4902,20,793.1,1.0,50.0,2.0,0.0,1.6191301616606222,0.23084447464101976,21.413,21.458,-0.001,2.356,6.66,-0.4774,0.9296,7.0,15.0,0.2548
46684V1842951,trondheim,Ila,15,1,0.4667,8,493.5,1.0,50.0,2.0,0.0,1.6191301616606222,0.23084447464101976,21.413,21.458,-0.001,2.356,6.66,-0.4774,0.9296,7.0,15.0,0.2548
46684V1842951,trondheim,Ila,16,0,0.4887,20,649.3,1.0,50.0,2.0,0.0,1.6191301616606222,0.23084447464101976,21.413,21.458,-0.001,2.356,6.66,-0.4774,0.9296,7.0,15.0,0.2548
46684V1842951,trondheim,Ila,16,1,0.4633,8,462.6,1.0,50.0,2.0,0.0,1.6191301616606222,0.23084447464101976,21.413,21.458,-0.001,2.356,6.66,-0.4774,0.9296,7.0,15.0,0.2548
46684V1842951,trondheim,Ila,17,0,0.4993,20,529.8,1.0,50.0,2.0,0.0,1.6191301616606222,0.23084447464101976,21.413,21.458,-0.001,2.356,6.66,-0.4774,0.9296,7.0,15.0,0.2548
46684V1842951,trondheim,Ila,17,1,0.4499,8,436.0,1.0,50.0,2.0,0.0,1.6191301616606222,0.23084447464101976,21.413,21.458,-0.001,2.356,6.66,-0.4774,0.9296,7.0,15.0,0.2548
46684V1842951,trondheim,Ila,18,0,0.4934,20,444.6,1.0,50.0,2.0,0.0,1.6191301616606222,0.23084447464101976,21.413,21.458,-0.001,2.356,6.66,-0.4774,0.9296,7.0,15.0,0.2548
46684V1842951,trondheim,Ila,18,1,0.458,8,385.8,1.0,50.0,2.0,0.0,1.6191301616606222,0.23084447464101976,21.413,21.458,-0.001,2.356,6.66,-0.4774,0.9296,7.0,15.0,0.2548
46684V1842951,trondheim,Ila,19,0,0.4785,20,378.8,1.0,50.0,2.0,0.0,1.6191301616606222,0.23084447464101976,21.413,21.458,-0.001,2.356,6.66,-0.4774,0.9296,7.0,15.0,0.2548
46684V1842951,trondheim,Ila,19,1,0.4635,8,335.5,1.0,50.0,2.0,0.0,1.6191301616606222,0.23084447464101976,21.413,21.458,-0.001,2.356,6.66,-0.4774,0.9296,7.0,15.0,0.2548
46684V1842951,trondheim,Ila,20,0,0.4351,20,333.4,1.0,50.0,2.0,0.0,1.6191301616606222,0.23084447464101976,21.413,21.458,-0.001,2.356,6.66,-0.4774,0.9296,7.0,15.0,0.2548
46684V1842951,trondheim,Ila,20,1,0.4576,8,282.2,1.0,50.0,2.0,0.0,1.6191301616606222,0.23084447464101976,21.413,21.458,-0.001,2.356,6.66,-0.4774,0.9296,7.0,15.0,0.2548
46684V1842951,trondheim,Ila,21,0,0.4194,20,240.2,1.0,50.0,2.0,0.0,1.6191301616606222,0.23084447464101976,21.413,21.458,-0.001,2.356,6.66,-0.4774,0.9296,7.0,15.0,0.2548
46684V1842951,trondheim,Ila,21,1,0.4421,8,193.0,1.0,50.0,2.0,0.0,1.6191301616606222,0.23084447464101976,21.413,21.458,-0.001,2.356,6.66,-0.4774,0.9296,7.0,15.0,0.2548
46684V1842951,trondheim,Ila,22,0,0.4334,20,147.9,1.0,50.0,2.0,0.0,1.6191301616606222,0.23084447464101976,21.413,21.458,-0.001,2.356,6.66,-0.4774,0.9296,7.0,15.0,0.2548
46684V1842951,trondheim,Ila,22,1,0.3983,8,146.4,1.0,50.0,2.0,0.0,1.6191301616606222,0.23084447464101976,21.413,21.458,-0.001,2.356,6.66,-0.4774,0.9296,7.0,15.0,0.2548
46684V1842951,trondheim,Ila,23,0,0.4262,20,96.2,1.0,50.0,2.0,0.0,1.6191301616606222,0.23084447464101976,21.413,21.458,-0.001,2.356,6.66,-0.4774,0.9296,7.0,15.0,0.2548
46684V1842951,trondheim,Ila,23,1,0.4215,8,113.9,1.0,50.0,2.0,0.0,1.6191301616606222,0.23084447464101976,21.413,21.458,-0.001,2.356,6.66,-0.4774,0.9296,7.0,15.0,0.2548
78492V2394249,trondheim,Trondheim,0,0,0.4797,20,121.8,1.0,80.0,2.0,1.0,4.239089914283775,0.9708574259615638,13.962,3.873,0.5657,3.601,6.528,-0.2889,0.7829,7.0,15.0,0.2749
78492V2394249,trondheim,Trondheim,0,1,0.4512,8,426.1,1.0,80.0,2.0,1.0,4.239089914283775,0.9708574259615638,13.962,3.873,0.5657,3.601,6.528,-0.2889,0.7829,7.0,15.0,0.2749
78492V2394249,trondheim,Trondheim,1,0,0.5898,20,60.5,1.0,80.0,2.0,1.0,4.239089914283775,0.9708574259615638,13.962,3.873,0.5657,3.601,6.528,-0.2889,0.7829,7.0,15.0,0.2749
78492V2394249,trondheim,Trondheim,1,1,0.4936,8,345.8,1.0,80.0,2.0,1.0,4.239089914283775,0.9708574259615638,13.962,3.873,0.5657,3.601,6.528,-0.2889,0.7829,7.0,15.0,0.2749
78492V2394249,trondheim,Trondheim,2,0,0.482,20,34.4,1.0,80.0,2.0,1.0,4.239089914283775,0.9708574259615638,13.962,3.873,0.5657,3.601,6.528,-0.2889,0.7829,7.0,15.0,0.2749
78492V2394249,trondheim,Trondheim,2,1,0.4828,8,258.0,1.0,80.0,2.0,1.0,4.239089914283775,0.9708574259615638,13.962,3.873,0.5657,3.601,6.528,-0.2889,0.7829,7.0,15.0,0.2749
78492V2394249,trondheim,Trondheim,3,0,0.4084,20,37.6,1.0,80.0,2.0,1.0,4.239089914283775,0.9708574259615638,13.962,3.873,0.5657,3.601,6.528,-0.2889,0.7829,7.0,15.0,0.2749
78492V2394249,trondheim,Trondheim,3,1,0.3968,8,180.0,1.0,80.0,2.0,1.0,4.239089914283775,0.9708574259615638,13.962,3.873,0.5657,3.601,6.528,-0.2889,0.7829,7.0,15.0,0.2749
78492V2394249,trondheim,Trondheim,4,0,0.4715,20,65.9,1.0,80.0,2.0,1.0,4.239089914283775,0.9708574259615638,13.962,3.873,0.5657,3.601,6.528,-0.2889,0.7829,7.0,15.0,0.2749
78492V2394249,trondheim,Trondheim,4,1,0.3555,8,102.2,1.0,80.0,2.0,1.0,4.239089914283775,0.9708574259615638,13.962,3.873,0.5657,3.601,6.528,-0.2889,0.7829,7.0,15.0,0.2749
78492V2394249,trondheim,Trondheim,5,0,0.5679,20,186.3,1.0,80.0,2.0,1.0,4.239089914283775,0.9708574259615638,13.962,3.873,0.5657,3.601,6.528,-0.2889,0.7829,7.0,15.0,0.2749
78492V2394249,trondheim,Trondheim,5,1,0.4228,8,77.8,1.0,80.0,2.0,1.0,4.239089914283775,0.9708574259615638,13.962,3.873,0.5657,3.601,6.528,-0.2889,0.7829,7.0,15.0,0.2749
78492V2394249,trondheim,Trondheim,6,0,0.6975,20,943.0,1.0,80.0,2.0,1.0,4.239089914283775,0.9708574259615638,13.962,3.873,0.5657,3.601,6.528,-0.2889,0.7829,7.0,15.0,0.2749
78492V2394249,trondheim,Trondheim,6,1,0.5758,8,134.2,1.0,80.0,2.0,1.0,4.239089914283775,0.9708574259615638,13.962,3.873,0.5657,3.601,6.528,-0.2889,0.7829,7.0,15.0,0.2749
78492V2394249,trondheim,Trondheim,7,0,0.7246,20,2237.4,1.0,80.0,2.0,1.0,4.239089914283775,0.9708574259615638,13.962,3.873,0.5657,3.601,6.528,-0.2889,0.7829,7.0,15.0,0.2749
78492V2394249,trondheim,Trondheim,7,1,0.506,8,237.4,1.0,80.0,2.0,1.0,4.239089914283775,0.9708574259615638,13.962,3.873,0.5657,3.601,6.528,-0.2889,0.7829,7.0,15.0,0.2749
78492V2394249,trondheim,Trondheim,8,0,0.6991,20,2009.3,1.0,80.0,2.0,1.0,4.239089914283775,0.9708574259615638,13.962,3.873,0.5657,3.601,6.528,-0.2889,0.7829,7.0,15.0,0.2749
78492V2394249,trondheim,Trondheim,8,1,0.6232,8,398.2,1.0,80.0,2.0,1.0,4.239089914283775,0.9708574259615638,13.962,3.873,0.5657,3.601,6.528,-0.2889,0.7829,7.0,15.0,0.2749
78492V2394249,trondheim,Trondheim,9,0,0.6212,20,1386.2,1.0,80.0,2.0,1.0,4.239089914283775,0.9708574259615638,13.962,3.873,0.5657,3.601,6.528,-0.2889,0.7829,7.0,15.0,0.2749
78492V2394249,trondheim,Trondheim,9,1,0.624,8,754.1,1.0,80.0,2.0,1.0,4.239089914283775,0.9708574259615638,13.962,3.873,0.5657,3.601,6.528,-0.2889,0.7829,7.0,15.0,0.2749
78492V2394249,trondheim,Trondheim,10,0,0.5838,20,1387.0,1.0,80.0,2.0,1.0,4.239089914283775,0.9708574259615638,13.962,3.873,0.5657,3.601,6.528,-0.2889,0.7829,7.0,15.0,0.2749
78492V2394249,trondheim,Trondheim,10,1,0.5918,8,1028.1,1.0,80.0,2.0,1.0,4.239089914283775,0.9708574259615638,13.962,3.873,0.5657,3.601,6.528,-0.2889,0.7829,7.0,15.0,0.2749
78492V2394249,trondheim,Trondheim,11,0,0.5662,20,1458.2,1.0,80.0,2.0,1.0,4.239089914283775,0.9708574259615638,13.962,3.873,0.5657,3.601,6.528,-0.2889,0.7829,7.0,15.0,0.2749
78492V2394249,trondheim,Trondheim,11,1,0.5465,8,1280.9,1.0,80.0,2.0,1.0,4.239089914283775,0.9708574259615638,13.962,3.873,0.5657,3.601,6.528,-0.2889,0.7829,7.0,15.0,0.2749
78492V2394249,trondheim,Trondheim,12,0,0.5422,20,1516.8,1.0,80.0,2.0,1.0,4.239089914283775,0.9708574259615638,13.962,3.873,0.5657,3.601,6.528,-0.2889,0.7829,7.0,15.0,0.2749
78492V2394249,trondheim,Trondheim,12,1,0.5525,8,1467.1,1.0,80.0,2.0,1.0,4.239089914283775,0.9708574259615638,13.962,3.873,0.5657,3.601,6.528,-0.2889,0.7829,7.0,15.0,0.2749
78492V2394249,trondheim,Trondheim,13,0,0.4956,20,1618.7,1.0,80.0,2.0,1.0,4.239089914283775,0.9708574259615638,13.962,3.873,0.5657,3.601,6.528,-0.2889,0.7829,7.0,15.0,0.2749
78492V2394249,trondheim,Trondheim,13,1,0.5295,8,1442.9,1.0,80.0,2.0,1.0,4.239089914283775,0.9708574259615638,13.962,3.873,0.5657,3.601,6.528,-0.2889,0.7829,7.0,15.0,0.2749
78492V2394249,trondheim,Trondheim,14,0,0.4633,20,1902.5,1.0,80.0,2.0,1.0,4.239089914283775,0.9708574259615638,13.962,3.873,0.5657,3.601,6.528,-0.2889,0.7829,7.0,15.0,0.2749
78492V2394249,trondheim,Trondheim,14,1,0.5099,8,1544.0,1.0,80.0,2.0,1.0,4.239089914283775,0.9708574259615638,13.962,3.873,0.5657,3.601,6.528,-0.2889,0.7829,7.0,15.0,0.2749
78492V2394249,trondheim,Trondheim,15,0,0.4193,20,2539.8,1.0,80.0,2.0,1.0,4.239089914283775,0.9708574259615638,13.962,3.873,0.5657,3.601,6.528,-0.2889,0.7829,7.0,15.0,0.2749
78492V2394249,trondheim,Trondheim,15,1,0.5019,8,1608.0,1.0,80.0,2.0,1.0,4.239089914283775,0.9708574259615638,13.962,3.873,0.5657,3.601,6.528,-0.2889,0.7829,7.0,15.0,0.2749
78492V2394249,trondheim,Trondheim,16,0,0.4559,20,2286.3,1.0,80.0,2.0,1.0,4.239089914283775,0.9708574259615638,13.962,3.873,0.5657,3.601,6.528,-0.2889,0.7829,7.0,15.0,0.2749
78492V2394249,trondheim,Trondheim,16,1,0.4857,8,1510.9,1.0,80.0,2.0,1.0,4.239089914283775,0.9708574259615638,13.962,3.873,0.5657,3.601,6.528,-0.2889,0.7829,7.0,15.0,0.2749
78492V2394249,trondheim,Trondheim,17,0,0.533,20,1892.1,1.0,80.0,2.0,1.0,4.239089914283775,0.9708574259615638,13.962,3.873,0.5657,3.601,6.528,-0.2889,0.7829,7.0,15.0,0.2749
78492V2394249,trondheim,Trondheim,17,1,0.5069,8,1433.4,1.0,80.0,2.0,1.0,4.239089914283775,0.9708574259615638,13.962,3.873,0.5657,3.601,6.528,-0.2889,0.7829,7.0,15.0,0.2749
78492V2394249,trondheim,Trondheim,18,0,0.5446,20,1681.6,1.0,80.0,2.0,1.0,4.239089914283775,0.9708574259615638,13.962,3.873,0.5657,3.601,6.528,-0.2889,0.7829,7.0,15.0,0.2749
78492V2394249,trondheim,Trondheim,18,1,0.522,8,1246.4,1.0,80.0,2.0,1.0,4.239089914283775,0.9708574259615638,13.962,3.873,0.5657,3.601,6.528,-0.2889,0.7829,7.0,15.0,0.2749
78492V2394249,trondheim,Trondheim,19,0,0.5122,20,1407.3,1.0,80.0,2.0,1.0,4.239089914283775,0.9708574259615638,13.962,3.873,0.5657,3.601,6.528,-0.2889,0.7829,7.0,15.0,0.2749
78492V2394249,trondheim,Trondheim,19,1,0.5118,8,1092.5,1.0,80.0,2.0,1.0,4.239089914283775,0.9708574259615638,13.962,3.873,0.5657,3.601,6.528,-0.2889,0.7829,7.0,15.0,0.2749
78492V2394249,trondheim,Trondheim,20,0,0.4361,20,1175.5,1.0,80.0,2.0,1.0,4.239089914283775,0.9708574259615638,13.962,3.873,0.5657,3.601,6.528,-0.2889,0.7829,7.0,15.0,0.2749
78492V2394249,trondheim,Trondheim,20,1,0.5004,8,880.0,1.0,80.0,2.0,1.0,4.239089914283775,0.9708574259615638,13.962,3.873,0.5657,3.601,6.528,-0.2889,0.7829,7.0,15.0,0.2749
78492V2394249,trondheim,Trondheim,21,0,0.4366,20,809.0,1.0,80.0,2.0,1.0,4.239089914283775,0.9708574259615638,13.962,3.873,0.5657,3.601,6.528,-0.2889,0.7829,7.0,15.0,0.2749
78492V2394249,trondheim,Trondheim,21,1,0.5057,8,627.1,1.0,80.0,2.0,1.0,4.239089914283775,0.9708574259615638,13.962,3.873,0.5657,3.601,6.528,-0.2889,0.7829,7.0,15.0,0.2749
78492V2394249,trondheim,Trondheim,22,0,0.4693,20,525.1,1.0,80.0,2.0,1.0,4.239089914283775,0.9708574259615638,13.962,3.873,0.5657,3.601,6.528,-0.2889,0.7829,7.0,15.0,0.2749
78492V2394249,trondheim,Trondheim,22,1,0.4985,8,490.1,1.0,80.0,2.0,1.0,4.239089914283775,0.9708574259615638,13.962,3.873,0.5657,3.601,6.528,-0.2889,0.7829,7.0,15.0,0.2749
78492V2394249,trondheim,Trondheim,23,0,0.4519,20,345.1,1.0,80.0,2.0,1.0,4.239089914283775,0.9708574259615638,13.962,3.873,0.5657,3.601,6.528,-0.2889,0.7829,7.0,15.0,0.2749
78492V2394249,trondheim,Trondheim,23,1,0.4818,8,421.0,1.0,80.0,2.0,1.0,4.239089914283775,0.9708574259615638,13.962,3.873,0.5657,3.601,6.528,-0.2889,0.7829,7.0,15.0,0.2749
78492V2394249,trondheim,Stjørdal,0,0,0.5203,20,121.8,1.0,80.0,2.0,1.0,4.239089914283775,-0.9708574259615638,3.873,13.962,-0.5657,6.528,3.601,0.2889,0.7829,7.0,15.0,0.2749
78492V2394249,trondheim,Stjørdal,0,1,0.5488,8,426.1,1.0,80.0,2.0,1.0,4.239089914283775,-0.9708574259615638,3.873,13.962,-0.5657,6.528,3.601,0.2889,0.7829,7.0,15.0,0.2749
78492V2394249,trondheim,Stjørdal,1,0,0.4102,20,60.5,1.0,80.0,2.0,1.0,4.239089914283775,-0.9708574259615638,3.873,13.962,-0.5657,6.528,3.601,0.2889,0.7829,7.0,15.0,0.2749
78492V2394249,trondheim,Stjørdal,1,1,0.5064,8,345.8,1.0,80.0,2.0,1.0,4.239089914283775,-0.9708574259615638,3.873,13.962,-0.5657,6.528,3.601,0.2889,0.7829,7.0,15.0,0.2749
78492V2394249,trondheim,Stjørdal,2,0,0.518,20,34.4,1.0,80.0,2.0,1.0,4.239089914283775,-0.9708574259615638,3.873,13.962,-0.5657,6.528,3.601,0.2889,0.7829,7.0,15.0,0.2749
78492V2394249,trondheim,Stjørdal,2,1,0.5172,8,258.0,1.0,80.0,2.0,1.0,4.239089914283775,-0.9708574259615638,3.873,13.962,-0.5657,6.528,3.601,0.2889,0.7829,7.0,15.0,0.2749
78492V2394249,trondheim,Stjørdal,3,0,0.5916,20,37.6,1.0,80.0,2.0,1.0,4.239089914283775,-0.9708574259615638,3.873,13.962,-0.5657,6.528,3.601,0.2889,0.7829,7.0,15.0,0.2749
78492V2394249,trondheim,Stjørdal,3,1,0.6032,8,180.0,1.0,80.0,2.0,1.0,4.239089914283775,-0.9708574259615638,3.873,13.962,-0.5657,6.528,3.601,0.2889,0.7829,7.0,15.0,0.2749
78492V2394249,trondheim,Stjørdal,4,0,0.5285,20,65.9,1.0,80.0,2.0,1.0,4.239089914283775,-0.9708574259615638,3.873,13.962,-0.5657,6.528,3.601,0.2889,0.7829,7.0,15.0,0.2749
78492V2394249,trondheim,Stjørdal,4,1,0.6445,8,102.2,1.0,80.0,2.0,1.0,4.239089914283775,-0.9708574259615638,3.873,13.962,-0.5657,6.528,3.601,0.2889,0.7829,7.0,15.0,0.2749
78492V2394249,trondheim,Stjørdal,5,0,0.4321,20,186.3,1.0,80.0,2.0,1.0,4.239089914283775,-0.9708574259615638,3.873,13.962,-0.5657,6.528,3.601,0.2889,0.7829,7.0,15.0,0.2749
78492V2394249,trondheim,Stjørdal,5,1,0.5772,8,77.8,1.0,80.0,2.0,1.0,4.239089914283775,-0.9708574259615638,3.873,13.962,-0.5657,6.528,3.601,0.2889,0.7829,7.0,15.0,0.2749
78492V2394249,trondheim,Stjørdal,6,0,0.3025,20,943.0,1.0,80.0,2.0,1.0,4.239089914283775,-0.9708574259615638,3.873,13.962,-0.5657,6.528,3.601,0.2889,0.7829,7.0,15.0,0.2749
78492V2394249,trondheim,Stjørdal,6,1,0.4242,8,134.2,1.0,80.0,2.0,1.0,4.239089914283775,-0.9708574259615638,3.873,13.962,-0.5657,6.528,3.601,0.2889,0.7829,7.0,15.0,0.2749
78492V2394249,trondheim,Stjørdal,7,0,0.2754,20,2237.4,1.0,80.0,2.0,1.0,4.239089914283775,-0.9708574259615638,3.873,13.962,-0.5657,6.528,3.601,0.2889,0.7829,7.0,15.0,0.2749
78492V2394249,trondheim,Stjørdal,7,1,0.494,8,237.4,1.0,80.0,2.0,1.0,4.239089914283775,-0.9708574259615638,3.873,13.962,-0.5657,6.528,3.601,0.2889,0.7829,7.0,15.0,0.2749
78492V2394249,trondheim,Stjørdal,8,0,0.3009,20,2009.3,1.0,80.0,2.0,1.0,4.239089914283775,-0.9708574259615638,3.873,13.962,-0.5657,6.528,3.601,0.2889,0.7829,7.0,15.0,0.2749
78492V2394249,trondheim,Stjørdal,8,1,0.3768,8,398.2,1.0,80.0,2.0,1.0,4.239089914283775,-0.9708574259615638,3.873,13.962,-0.5657,6.528,3.601,0.2889,0.7829,7.0,15.0,0.2749
78492V2394249,trondheim,Stjørdal,9,0,0.3788,20,1386.2,1.0,80.0,2.0,1.0,4.239089914283775,-0.9708574259615638,3.873,13.962,-0.5657,6.528,3.601,0.2889,0.7829,7.0,15.0,0.2749
78492V2394249,trondheim,Stjørdal,9,1,0.376,8,754.1,1.0,80.0,2.0,1.0,4.239089914283775,-0.9708574259615638,3.873,13.962,-0.5657,6.528,3.601,0.2889,0.7829,7.0,15.0,0.2749
78492V2394249,trondheim,Stjørdal,10,0,0.4162,20,1387.0,1.0,80.0,2.0,1.0,4.239089914283775,-0.9708574259615638,3.873,13.962,-0.5657,6.528,3.601,0.2889,0.7829,7.0,15.0,0.2749
78492V2394249,trondheim,Stjørdal,10,1,0.4082,8,1028.1,1.0,80.0,2.0,1.0,4.239089914283775,-0.9708574259615638,3.873,13.962,-0.5657,6.528,3.601,0.2889,0.7829,7.0,15.0,0.2749
78492V2394249,trondheim,Stjørdal,11,0,0.4338,20,1458.2,1.0,80.0,2.0,1.0,4.239089914283775,-0.9708574259615638,3.873,13.962,-0.5657,6.528,3.601,0.2889,0.7829,7.0,15.0,0.2749
78492V2394249,trondheim,Stjørdal,11,1,0.4535,8,1280.9,1.0,80.0,2.0,1.0,4.239089914283775,-0.9708574259615638,3.873,13.962,-0.5657,6.528,3.601,0.2889,0.7829,7.0,15.0,0.2749
78492V2394249,trondheim,Stjørdal,12,0,0.4578,20,1516.8,1.0,80.0,2.0,1.0,4.239089914283775,-0.9708574259615638,3.873,13.962,-0.5657,6.528,3.601,0.2889,0.7829,7.0,15.0,0.2749
78492V2394249,trondheim,Stjørdal,12,1,0.4475,8,1467.1,1.0,80.0,2.0,1.0,4.239089914283775,-0.9708574259615638,3.873,13.962,-0.5657,6.528,3.601,0.2889,0.7829,7.0,15.0,0.2749
78492V2394249,trondheim,Stjørdal,13,0,0.5044,20,1618.7,1.0,80.0,2.0,1.0,4.239089914283775,-0.9708574259615638,3.873,13.962,-0.5657,6.528,3.601,0.2889,0.7829,7.0,15.0,0.2749
78492V2394249,trondheim,Stjørdal,13,1,0.4705,8,1442.9,1.0,80.0,2.0,1.0,4.239089914283775,-0.9708574259615638,3.873,13.962,-0.5657,6.528,3.601,0.2889,0.7829,7.0,15.0,0.2749
78492V2394249,trondheim,Stjørdal,14,0,0.5367,20,1902.5,1.0,80.0,2.0,1.0,4.239089914283775,-0.9708574259615638,3.873,13.962,-0.5657,6.528,3.601,0.2889,0.7829,7.0,15.0,0.2749
78492V2394249,trondheim,Stjørdal,14,1,0.4901,8,1544.0,1.0,80.0,2.0,1.0,4.239089914283775,-0.9708574259615638,3.873,13.962,-0.5657,6.528,3.601,0.2889,0.7829,7.0,15.0,0.2749
78492V2394249,trondheim,Stjørdal,15,0,0.5807,20,2539.8,1.0,80.0,2.0,1.0,4.239089914283775,-0.9708574259615638,3.873,13.962,-0.5657,6.528,3.601,0.2889,0.7829,7.0,15.0,0.2749
78492V2394249,trondheim,Stjørdal,15,1,0.4981,8,1608.0,1.0,80.0,2.0,1.0,4.239089914283775,-0.9708574259615638,3.873,13.962,-0.5657,6.528,3.601,0.2889,0.7829,7.0,15.0,0.2749
78492V2394249,trondheim,Stjørdal,16,0,0.5441,20,2286.3,1.0,80.0,2.0,1.0,4.239089914283775,-0.9708574259615638,3.873,13.962,-0.5657,6.528,3.601,0.2889,0.7829,7.0,15.0,0.2749
78492V2394249,trondheim,Stjørdal,16,1,0.5143,8,1510.9,1.0,80.0,2.0,1.0,4.239089914283775,-0.9708574259615638,3.873,13.962,-0.5657,6.528,3.601,0.2889,0.7829,7.0,15.0,0.2749
78492V2394249,trondheim,Stjørdal,17,0,0.467,20,1892.1,1.0,80.0,2.0,1.0,4.239089914283775,-0.9708574259615638,3.873,13.962,-0.5657,6.528,3.601,0.2889,0.7829,7.0,15.0,0.2749
78492V2394249,trondheim,Stjørdal,17,1,0.4931,8,1433.4,1.0,80.0,2.0,1.0,4.239089914283775,-0.9708574259615638,3.873,13.962,-0.5657,6.528,3.601,0.2889,0.7829,7.0,15.0,0.2749
78492V2394249,trondheim,Stjørdal,18,0,0.4554,20,1681.6,1.0,80.0,2.0,1.0,4.239089914283775,-0.9708574259615638,3.873,13.962,-0.5657,6.528,3.601,0.2889,0.7829,7.0,15.0,0.2749
78492V2394249,trondheim,Stjørdal,18,1,0.478,8,1246.4,1.0,80.0,2.0,1.0,4.239089914283775,-0.9708574259615638,3.873,13.962,-0.5657,6.528,3.601,0.2889,0.7829,7.0,15.0,0.2749
78492V2394249,trondheim,Stjørdal,19,0,0.4878,20,1407.3,1.0,80.0,2.0,1.0,4.239089914283775,-0.9708574259615638,3.873,13.962,-0.5657,6.528,3.601,0.2889,0.7829,7.0,15.0,0.2749
78492V2394249,trondheim,Stjørdal,19,1,0.4882,8,1092.5,1.0,80.0,2.0,1.0,4.239089914283775,-0.9708574259615638,3.873,13.962,-0.5657,6.528,3.601,0.2889,0.7829,7.0,15.0,0.2749
78492V2394249,trondheim,Stjørdal,20,0,0.5639,20,1175.5,1.0,80.0,2.0,1.0,4.239089914283775,-0.9708574259615638,3.873,13.962,-0.5657,6.528,3.601,0.2889,0.7829,7.0,15.0,0.2749
78492V2394249,trondheim,Stjørdal,20,1,0.4996,8,880.0,1.0,80.0,2.0,1.0,4.239089914283775,-0.9708574259615638,3.873,13.962,-0.5657,6.528,3.601,0.2889,0.7829,7.0,15.0,0.2749
78492V2394249,trondheim,Stjørdal,21,0,0.5634,20,809.0,1.0,80.0,2.0,1.0,4.239089914283775,-0.9708574259615638,3.873,13.962,-0.5657,6.528,3.601,0.2889,0.7829,7.0,15.0,0.2749
78492V2394249,trondheim,Stjørdal,21,1,0.4943,8,627.1,1.0,80.0,2.0,1.0,4.239089914283775,-0.9708574259615638,3.873,13.962,-0.5657,6.528,3.601,0.2889,0.7829,7.0,15.0,0.2749
78492V2394249,trondheim,Stjørdal,22,0,0.5307,20,525.1,1.0,80.0,2.0,1.0,4.239089914283775,-0.9708574259615638,3.873,13.962,-0.5657,6.528,3.601,0.2889,0.7829,7.0,15.0,0.2749
78492V2394249,trondheim,Stjørdal,22,1,0.5015,8,490.1,1.0,80.0,2.0,1.0,4.239089914283775,-0.9708574259615638,3.873,13.962,-0.5657,6.528,3.601,0.2889,0.7829,7.0,15.0,0.2749
78492V2394249,trondheim,Stjørdal,23,0,0.5481,20,345.1,1.0,80.0,2.0,1.0,4.239089914283775,-0.9708574259615638,3.873,13.962,-0.5657,6.528,3.601,0.2889,0.7829,7.0,15.0,0.2749
78492V2394249,trondheim,Stjørdal,23,1,0.5182,8,421.0,1.0,80.0,2.0,1.0,4.239089914283775,-0.9708574259615638,3.873,13.962,-0.5657,6.528,3.601,0.2889,0.7829,7.0,15.0,0.2749
17909V41450,trondheim,Ila,0,0,0.405,20,57.1,3.0,50.0,2.0,0.0,1.4085809575387074,-0.15043304232129176,18.592,22.578,-0.0968,5.893,4.156,0.1728,0.6594,7.0,15.0,0.328
17909V41450,trondheim,Ila,0,1,0.423,8,186.8,3.0,50.0,2.0,0.0,1.4085809575387074,-0.15043304232129176,18.592,22.578,-0.0968,5.893,4.156,0.1728,0.6594,7.0,15.0,0.328
17909V41450,trondheim,Ila,1,0,0.3712,20,32.0,3.0,50.0,2.0,0.0,1.4085809575387074,-0.15043304232129176,18.592,22.578,-0.0968,5.893,4.156,0.1728,0.6594,7.0,15.0,0.328
17909V41450,trondheim,Ila,1,1,0.4534,8,160.9,3.0,50.0,2.0,0.0,1.4085809575387074,-0.15043304232129176,18.592,22.578,-0.0968,5.893,4.156,0.1728,0.6594,7.0,15.0,0.328
17909V41450,trondheim,Ila,2,1,0.4626,8,131.8,3.0,50.0,2.0,0.0,1.4085809575387074,-0.15043304232129176,18.592,22.578,-0.0968,5.893,4.156,0.1728,0.6594,7.0,15.0,0.328
17909V41450,trondheim,Ila,3,1,0.3999,8,90.0,3.0,50.0,2.0,0.0,1.4085809575387074,-0.15043304232129176,18.592,22.578,-0.0968,5.893,4.156,0.1728,0.6594,7.0,15.0,0.328
17909V41450,trondheim,Ila,4,1,0.449,8,50.5,3.0,50.0,2.0,0.0,1.4085809575387074,-0.15043304232129176,18.592,22.578,-0.0968,5.893,4.156,0.1728,0.6594,7.0,15.0,0.328
17909V41450,trondheim,Ila,5,0,0.7999,20,64.2,3.0,50.0,2.0,0.0,1.4085809575387074,-0.15043304232129176,18.592,22.578,-0.0968,5.893,4.156,0.1728,0.6594,7.0,15.0,0.328
17909V41450,trondheim,Ila,6,0,0.805,20,296.8,3.0,50.0,2.0,0.0,1.4085809575387074,-0.15043304232129176,18.592,22.578,-0.0968,5.893,4.156,0.1728,0.6594,7.0,15.0,0.328
17909V41450,trondheim,Ila,6,1,0.6217,8,49.9,3.0,50.0,2.0,0.0,1.4085809575387074,-0.15043304232129176,18.592,22.578,-0.0968,5.893,4.156,0.1728,0.6594,7.0,15.0,0.328
17909V41450,trondheim,Ila,7,0,0.7685,20,747.4,3.0,50.0,2.0,0.0,1.4085809575387074,-0.15043304232129176,18.592,22.578,-0.0968,5.893,4.156,0.1728,0.6594,7.0,15.0,0.328
17909V41450,trondheim,Ila,7,1,0.5966,8,103.1,3.0,50.0,2.0,0.0,1.4085809575387074,-0.15043304232129176,18.592,22.578,-0.0968,5.893,4.156,0.1728,0.6594,7.0,15.0,0.328
17909V41450,trondheim,Ila,8,0,0.7262,20,672.0,3.0,50.0,2.0,0.0,1.4085809575387074,-0.15043304232129176,18.592,22.578,-0.0968,5.893,4.156,0.1728,0.6594,7.0,15.0,0.328
17909V41450,trondheim,Ila,8,1,0.6373,8,165.5,3.0,50.0,2.0,0.0,1.4085809575387074,-0.15043304232129176,18.592,22.578,-0.0968,5.893,4.156,0.1728,0.6594,7.0,15.0,0.328
17909V41450,trondheim,Ila,9,0,0.6262,20,424.1,3.0,50.0,2.0,0.0,1.4085809575387074,-0.15043304232129176,18.592,22.578,-0.0968,5.893,4.156,0.1728,0.6594,7.0,15.0,0.328
17909V41450,trondheim,Ila,9,1,0.6532,8,326.2,3.0,50.0,2.0,0.0,1.4085809575387074,-0.15043304232129176,18.592,22.578,-0.0968,5.893,4.156,0.1728,0.6594,7.0,15.0,0.328
17909V41450,trondheim,Ila,10,0,0.5731,20,425.1,3.0,50.0,2.0,0.0,1.4085809575387074,-0.15043304232129176,18.592,22.578,-0.0968,5.893,4.156,0.1728,0.6594,7.0,15.0,0.328
17909V41450,trondheim,Ila,10,1,0.5928,8,404.9,3.0,50.0,2.0,0.0,1.4085809575387074,-0.15043304232129176,18.592,22.578,-0.0968,5.893,4.156,0.1728,0.6594,7.0,15.0,0.328
17909V41450,trondheim,Ila,11,0,0.5469,20,468.9,3.0,50.0,2.0,0.0,1.4085809575387074,-0.15043304232129176,18.592,22.578,-0.0968,5.893,4.156,0.1728,0.6594,7.0,15.0,0.328
17909V41450,trondheim,Ila,11,1,0.545,8,529.8,3.0,50.0,2.0,0.0,1.4085809575387074,-0.15043304232129176,18.592,22.578,-0.0968,5.893,4.156,0.1728,0.6594,7.0,15.0,0.328
17909V41450,trondheim,Ila,12,0,0.5009,20,488.4,3.0,50.0,2.0,0.0,1.4085809575387074,-0.15043304232129176,18.592,22.578,-0.0968,5.893,4.156,0.1728,0.6594,7.0,15.0,0.328
17909V41450,trondheim,Ila,12,1,0.5218,8,600.6,3.0,50.0,2.0,0.0,1.4085809575387074,-0.15043304232129176,18.592,22.578,-0.0968,5.893,4.156,0.1728,0.6594,7.0,15.0,0.328
17909V41450,trondheim,Ila,13,0,0.4641,20,537.1,3.0,50.0,2.0,0.0,1.4085809575387074,-0.15043304232129176,18.592,22.578,-0.0968,5.893,4.156,0.1728,0.6594,7.0,15.0,0.328
17909V41450,trondheim,Ila,13,1,0.5049,8,623.9,3.0,50.0,2.0,0.0,1.4085809575387074,-0.15043304232129176,18.592,22.578,-0.0968,5.893,4.156,0.1728,0.6594,7.0,15.0,0.328
17909V41450,trondheim,Ila,14,0,0.42,20,643.2,3.0,50.0,2.0,0.0,1.4085809575387074,-0.15043304232129176,18.592,22.578,-0.0968,5.893,4.156,0.1728,0.6594,7.0,15.0,0.328
17909V41450,trondheim,Ila,14,1,0.491,8,665.0,3.0,50.0,2.0,0.0,1.4085809575387074,-0.15043304232129176,18.592,22.578,-0.0968,5.893,4.156,0.1728,0.6594,7.0,15.0,0.328
17909V41450,trondheim,Ila,15,0,0.3347,20,955.5,3.0,50.0,2.0,0.0,1.4085809575387074,-0.15043304232129176,18.592,22.578,-0.0968,5.893,4.156,0.1728,0.6594,7.0,15.0,0.328
17909V41450,trondheim,Ila,15,1,0.4747,8,670.8,3.0,50.0,2.0,0.0,1.4085809575387074,-0.15043304232129176,18.592,22.578,-0.0968,5.893,4.156,0.1728,0.6594,7.0,15.0,0.328
17909V41450,trondheim,Ila,16,0,0.3557,20,906.2,3.0,50.0,2.0,0.0,1.4085809575387074,-0.15043304232129176,18.592,22.578,-0.0968,5.893,4.156,0.1728,0.6594,7.0,15.0,0.328
17909V41450,trondheim,Ila,16,1,0.4596,8,631.1,3.0,50.0,2.0,0.0,1.4085809575387074,-0.15043304232129176,18.592,22.578,-0.0968,5.893,4.156,0.1728,0.6594,7.0,15.0,0.328
17909V41450,trondheim,Ila,17,0,0.4818,20,722.7,3.0,50.0,2.0,0.0,1.4085809575387074,-0.15043304232129176,18.592,22.578,-0.0968,5.893,4.156,0.1728,0.6594,7.0,15.0,0.328
17909V41450,trondheim,Ila,17,1,0.4609,8,615.5,3.0,50.0,2.0,0.0,1.4085809575387074,-0.15043304232129176,18.592,22.578,-0.0968,5.893,4.156,0.1728,0.6594,7.0,15.0,0.328
17909V41450,trondheim,Ila,18,0,0.4829,20,661.7,3.0,50.0,2.0,0.0,1.4085809575387074,-0.15043304232129176,18.592,22.578,-0.0968,5.893,4.156,0.1728,0.6594,7.0,15.0,0.328
17909V41450,trondheim,Ila,18,1,0.4747,8,561.5,3.0,50.0,2.0,0.0,1.4085809575387074,-0.15043304232129176,18.592,22.578,-0.0968,5.893,4.156,0.1728,0.6594,7.0,15.0,0.328
17909V41450,trondheim,Ila,19,0,0.4663,20,584.8,3.0,50.0,2.0,0.0,1.4085809575387074,-0.15043304232129176,18.592,22.578,-0.0968,5.893,4.156,0.1728,0.6594,7.0,15.0,0.328
17909V41450,trondheim,Ila,19,1,0.4425,8,494.1,3.0,50.0,2.0,0.0,1.4085809575387074,-0.15043304232129176,18.592,22.578,-0.0968,5.893,4.156,0.1728,0.6594,7.0,15.0,0.328
17909V41450,trondheim,Ila,20,0,0.4022,20,498.6,3.0,50.0,2.0,0.0,1.4085809575387074,-0.15043304232129176,18.592,22.578,-0.0968,5.893,4.156,0.1728,0.6594,7.0,15.0,0.328
17909V41450,trondheim,Ila,20,1,0.4386,8,423.6,3.0,50.0,2.0,0.0,1.4085809575387074,-0.15043304232129176,18.592,22.578,-0.0968,5.893,4.156,0.1728,0.6594,7.0,15.0,0.328
17909V41450,trondheim,Ila,21,0,0.3868,20,399.8,3.0,50.0,2.0,0.0,1.4085809575387074,-0.15043304232129176,18.592,22.578,-0.0968,5.893,4.156,0.1728,0.6594,7.0,15.0,0.328
17909V41450,trondheim,Ila,21,1,0.4772,8,308.8,3.0,50.0,2.0,0.0,1.4085809575387074,-0.15043304232129176,18.592,22.578,-0.0968,5.893,4.156,0.1728,0.6594,7.0,15.0,0.328
17909V41450,trondheim,Ila,22,0,0.3993,20,264.2,3.0,50.0,2.0,0.0,1.4085809575387074,-0.15043304232129176,18.592,22.578,-0.0968,5.893,4.156,0.1728,0.6594,7.0,15.0,0.328
17909V41450,trondheim,Ila,22,1,0.4293,8,241.9,3.0,50.0,2.0,0.0,1.4085809575387074,-0.15043304232129176,18.592,22.578,-0.0968,5.893,4.156,0.1728,0.6594,7.0,15.0,0.328
17909V41450,trondheim,Ila,23,0,0.3819,20,145.6,3.0,50.0,2.0,0.0,1.4085809575387074,-0.15043304232129176,18.592,22.578,-0.0968,5.893,4.156,0.1728,0.6594,7.0,15.0,0.328
17909V41450,trondheim,Ila,23,1,0.4127,8,176.6,3.0,50.0,2.0,0.0,1.4085809575387074,-0.15043304232129176,18.592,22.578,-0.0968,5.893,4.156,0.1728,0.6594,7.0,15.0,0.328
17909V41450,trondheim,Heimdal,0,0,0.595,20,57.1,3.0,50.0,2.0,0.0,1.4085809575387074,0.15043304232129165,22.578,18.592,0.0968,4.156,5.893,-0.1728,0.6594,7.0,15.0,0.328
17909V41450,trondheim,Heimdal,0,1,0.577,8,186.8,3.0,50.0,2.0,0.0,1.4085809575387074,0.15043304232129165,22.578,18.592,0.0968,4.156,5.893,-0.1728,0.6594,7.0,15.0,0.328
17909V41450,trondheim,Heimdal,1,0,0.6288,20,32.0,3.0,50.0,2.0,0.0,1.4085809575387074,0.15043304232129165,22.578,18.592,0.0968,4.156,5.893,-0.1728,0.6594,7.0,15.0,0.328
17909V41450,trondheim,Heimdal,1,1,0.5466,8,160.9,3.0,50.0,2.0,0.0,1.4085809575387074,0.15043304232129165,22.578,18.592,0.0968,4.156,5.893,-0.1728,0.6594,7.0,15.0,0.328
17909V41450,trondheim,Heimdal,2,1,0.5374,8,131.8,3.0,50.0,2.0,0.0,1.4085809575387074,0.15043304232129165,22.578,18.592,0.0968,4.156,5.893,-0.1728,0.6594,7.0,15.0,0.328
17909V41450,trondheim,Heimdal,3,1,0.6001,8,90.0,3.0,50.0,2.0,0.0,1.4085809575387074,0.15043304232129165,22.578,18.592,0.0968,4.156,5.893,-0.1728,0.6594,7.0,15.0,0.328
17909V41450,trondheim,Heimdal,4,1,0.551,8,50.5,3.0,50.0,2.0,0.0,1.4085809575387074,0.15043304232129165,22.578,18.592,0.0968,4.156,5.893,-0.1728,0.6594,7.0,15.0,0.328
17909V41450,trondheim,Heimdal,5,0,0.2001,20,64.2,3.0,50.0,2.0,0.0,1.4085809575387074,0.15043304232129165,22.578,18.592,0.0968,4.156,5.893,-0.1728,0.6594,7.0,15.0,0.328
17909V41450,trondheim,Heimdal,6,0,0.195,20,296.8,3.0,50.0,2.0,0.0,1.4085809575387074,0.15043304232129165,22.578,18.592,0.0968,4.156,5.893,-0.1728,0.6594,7.0,15.0,0.328
17909V41450,trondheim,Heimdal,6,1,0.3783,8,49.9,3.0,50.0,2.0,0.0,1.4085809575387074,0.15043304232129165,22.578,18.592,0.0968,4.156,5.893,-0.1728,0.6594,7.0,15.0,0.328
17909V41450,trondheim,Heimdal,7,0,0.2315,20,747.4,3.0,50.0,2.0,0.0,1.4085809575387074,0.15043304232129165,22.578,18.592,0.0968,4.156,5.893,-0.1728,0.6594,7.0,15.0,0.328
17909V41450,trondheim,Heimdal,7,1,0.4034,8,103.1,3.0,50.0,2.0,0.0,1.4085809575387074,0.15043304232129165,22.578,18.592,0.0968,4.156,5.893,-0.1728,0.6594,7.0,15.0,0.328
17909V41450,trondheim,Heimdal,8,0,0.2738,20,672.0,3.0,50.0,2.0,0.0,1.4085809575387074,0.15043304232129165,22.578,18.592,0.0968,4.156,5.893,-0.1728,0.6594,7.0,15.0,0.328
17909V41450,trondheim,Heimdal,8,1,0.3627,8,165.5,3.0,50.0,2.0,0.0,1.4085809575387074,0.15043304232129165,22.578,18.592,0.0968,4.156,5.893,-0.1728,0.6594,7.0,15.0,0.328
17909V41450,trondheim,Heimdal,9,0,0.3738,20,424.1,3.0,50.0,2.0,0.0,1.4085809575387074,0.15043304232129165,22.578,18.592,0.0968,4.156,5.893,-0.1728,0.6594,7.0,15.0,0.328
17909V41450,trondheim,Heimdal,9,1,0.3468,8,326.2,3.0,50.0,2.0,0.0,1.4085809575387074,0.15043304232129165,22.578,18.592,0.0968,4.156,5.893,-0.1728,0.6594,7.0,15.0,0.328
17909V41450,trondheim,Heimdal,10,0,0.4269,20,425.1,3.0,50.0,2.0,0.0,1.4085809575387074,0.15043304232129165,22.578,18.592,0.0968,4.156,5.893,-0.1728,0.6594,7.0,15.0,0.328
17909V41450,trondheim,Heimdal,10,1,0.4072,8,404.9,3.0,50.0,2.0,0.0,1.4085809575387074,0.15043304232129165,22.578,18.592,0.0968,4.156,5.893,-0.1728,0.6594,7.0,15.0,0.328
17909V41450,trondheim,Heimdal,11,0,0.4531,20,468.9,3.0,50.0,2.0,0.0,1.4085809575387074,0.15043304232129165,22.578,18.592,0.0968,4.156,5.893,-0.1728,0.6594,7.0,15.0,0.328
17909V41450,trondheim,Heimdal,11,1,0.455,8,529.8,3.0,50.0,2.0,0.0,1.4085809575387074,0.15043304232129165,22.578,18.592,0.0968,4.156,5.893,-0.1728,0.6594,7.0,15.0,0.328
17909V41450,trondheim,Heimdal,12,0,0.4991,20,488.4,3.0,50.0,2.0,0.0,1.4085809575387074,0.15043304232129165,22.578,18.592,0.0968,4.156,5.893,-0.1728,0.6594,7.0,15.0,0.328
17909V41450,trondheim,Heimdal,12,1,0.4782,8,600.6,3.0,50.0,2.0,0.0,1.4085809575387074,0.15043304232129165,22.578,18.592,0.0968,4.156,5.893,-0.1728,0.6594,7.0,15.0,0.328
17909V41450,trondheim,Heimdal,13,0,0.5359,20,537.1,3.0,50.0,2.0,0.0,1.4085809575387074,0.15043304232129165,22.578,18.592,0.0968,4.156,5.893,-0.1728,0.6594,7.0,15.0,0.328
17909V41450,trondheim,Heimdal,13,1,0.4951,8,623.9,3.0,50.0,2.0,0.0,1.4085809575387074,0.15043304232129165,22.578,18.592,0.0968,4.156,5.893,-0.1728,0.6594,7.0,15.0,0.328
17909V41450,trondheim,Heimdal,14,0,0.58,20,643.2,3.0,50.0,2.0,0.0,1.4085809575387074,0.15043304232129165,22.578,18.592,0.0968,4.156,5.893,-0.1728,0.6594,7.0,15.0,0.328
17909V41450,trondheim,Heimdal,14,1,0.509,8,665.0,3.0,50.0,2.0,0.0,1.4085809575387074,0.15043304232129165,22.578,18.592,0.0968,4.156,5.893,-0.1728,0.6594,7.0,15.0,0.328
17909V41450,trondheim,Heimdal,15,0,0.6653,20,955.5,3.0,50.0,2.0,0.0,1.4085809575387074,0.15043304232129165,22.578,18.592,0.0968,4.156,5.893,-0.1728,0.6594,7.0,15.0,0.328
17909V41450,trondheim,Heimdal,15,1,0.5253,8,670.8,3.0,50.0,2.0,0.0,1.4085809575387074,0.15043304232129165,22.578,18.592,0.0968,4.156,5.893,-0.1728,0.6594,7.0,15.0,0.328
17909V41450,trondheim,Heimdal,16,0,0.6443,20,906.2,3.0,50.0,2.0,0.0,1.4085809575387074,0.15043304232129165,22.578,18.592,0.0968,4.156,5.893,-0.1728,0.6594,7.0,15.0,0.328
17909V41450,trondheim,Heimdal,16,1,0.5404,8,631.1,3.0,50.0,2.0,0.0,1.4085809575387074,0.15043304232129165,22.578,18.592,0.0968,4.156,5.893,-0.1728,0.6594,7.0,15.0,0.328
17909V41450,trondheim,Heimdal,17,0,0.5182,20,722.7,3.0,50.0,2.0,0.0,1.4085809575387074,0.15043304232129165,22.578,18.592,0.0968,4.156,5.893,-0.1728,0.6594,7.0,15.0,0.328
17909V41450,trondheim,Heimdal,17,1,0.5391,8,615.5,3.0,50.0,2.0,0.0,1.4085809575387074,0.15043304232129165,22.578,18.592,0.0968,4.156,5.893,-0.1728,0.6594,7.0,15.0,0.328
17909V41450,trondheim,Heimdal,18,0,0.5171,20,661.7,3.0,50.0,2.0,0.0,1.4085809575387074,0.15043304232129165,22.578,18.592,0.0968,4.156,5.893,-0.1728,0.6594,7.0,15.0,0.328
17909V41450,trondheim,Heimdal,18,1,0.5253,8,561.5,3.0,50.0,2.0,0.0,1.4085809575387074,0.15043304232129165,22.578,18.592,0.0968,4.156,5.893,-0.1728,0.6594,7.0,15.0,0.328
17909V41450,trondheim,Heimdal,19,0,0.5337,20,584.8,3.0,50.0,2.0,0.0,1.4085809575387074,0.15043304232129165,22.578,18.592,0.0968,4.156,5.893,-0.1728,0.6594,7.0,15.0,0.328
17909V41450,trondheim,Heimdal,19,1,0.5575,8,494.1,3.0,50.0,2.0,0.0,1.4085809575387074,0.15043304232129165,22.578,18.592,0.0968,4.156,5.893,-0.1728,0.6594,7.0,15.0,0.328
17909V41450,trondheim,Heimdal,20,0,0.5978,20,498.6,3.0,50.0,2.0,0.0,1.4085809575387074,0.15043304232129165,22.578,18.592,0.0968,4.156,5.893,-0.1728,0.6594,7.0,15.0,0.328
17909V41450,trondheim,Heimdal,20,1,0.5614,8,423.6,3.0,50.0,2.0,0.0,1.4085809575387074,0.15043304232129165,22.578,18.592,0.0968,4.156,5.893,-0.1728,0.6594,7.0,15.0,0.328
17909V41450,trondheim,Heimdal,21,0,0.6132,20,399.8,3.0,50.0,2.0,0.0,1.4085809575387074,0.15043304232129165,22.578,18.592,0.0968,4.156,5.893,-0.1728,0.6594,7.0,15.0,0.328
17909V41450,trondheim,Heimdal,21,1,0.5228,8,308.8,3.0,50.0,2.0,0.0,1.4085809575387074,0.15043304232129165,22.578,18.592,0.0968,4.156,5.893,-0.1728,0.6594,7.0,15.0,0.328
17909V41450,trondheim,Heimdal,22,0,0.6007,20,264.2,3.0,50.0,2.0,0.0,1.4085809575387074,0.15043304232129165,22.578,18.592,0.0968,4.156,5.893,-0.1728,0.6594,7.0,15.0,0.328
17909V41450,trondheim,Heimdal,22,1,0.5707,8,241.9,3.0,50.0,2.0,0.0,1.4085809575387074,0.15043304232129165,22.578,18.592,0.0968,4.156,5.893,-0.1728,0.6594,7.0,15.0,0.328
17909V41450,trondheim,Heimdal,23,0,0.6181,20,145.6,3.0,50.0,2.0,0.0,1.4085809575387074,0.15043304232129165,22.578,18.592,0.0968,4.156,5.893,-0.1728,0.6594,7.0,15.0,0.328
17909V41450,trondheim,Heimdal,23,1,0.5873,8,176.6,3.0,50.0,2.0,0.0,1.4085809575387074,0.15043304232129165,22.578,18.592,0.0968,4.156,5.893,-0.1728,0.6594,7.0,15.0,0.328
