{"type":"FeatureCollection","features":[{"type":"Feature","geometry":{"type":"LineString","coordinates":[[11.9831519,57.701218],[11.9830162,57.7013092],[11.9829506,57.7013524],[11.9827835,57.701471],[11.9821077,57.7019408],[11.981861,57.7021068],[11.9817127,57.7022066]]},"properties":{"id":"366911_60128120_0","sensor_id":null,"level":null,"bidirectional":false,"name":"Sten Sturegatan","highway":"residential","length_m":139.3,"dist_sensor_m":216.5,"confidence":0.687}},{"type":"Feature","geometry":{"type":"LineString","coordinates":[[11.9831519,57.701218],[11.9832845,57.7012865],[11.9833862,57.7013248],[11.9836499,57.7014343],[11.9840234,57.7015726],[11.9844566,57.7017532]]},"properties":{"id":"366911_1455801454_0","sensor_id":null,"level":null,"bidirectional":false,"name":"Engelbrektsgatan","highway":"tertiary","length_m":97.8,"dist_sensor_m":131.9,"confidence":0.87}},{"type":"Feature","geometry":{"type":"LineString","coordinates":[[11.9831519,57.701218],[11.9829689,57.7011307],[11.9828949,57.7010992],[11.9824579,57.7009152],[11.9820022,57.7007193]]},"properties":{"id":"366911_30420899_0","sensor_id":null,"level":null,"bidirectional":false,"name":"Engelbrektsgatan","highway":"tertiary","length_m":88.0,"dist_sensor_m":190.6,"confidence":0.748}},{"type":"Feature","geometry":{"type":"LineString","coordinates":[[11.9831519,57.701218],[11.9832473,57.7011554],[11.9832921,57.7011254],[11.9833621,57.7010756],[11.983788,57.7007724],[11.9848632,57.7000588]]},"properties":{"id":"366911_1305697326_0","sensor_id":null,"level":null,"bidirectional":false,"name":"Sten Sturegatan","highway":"residential","length_m":164.2,"dist_sensor_m":111.2,"confidence":0.906}},{"type":"Feature","geometry":{"type":"LineString","coordinates":[[11.9941536,57.6999064],[11.9934622,57.6998484],[11.9926015,57.6997762],[11.9922129,57.6997436],[11.9921126,57.6997426]]},"properties":{"id":"520156_60911732_0","sensor_id":null,"level":null,"bidirectional":false,"name":"Gudmundsgatan","highway":"residential","length_m":122.7,"dist_sensor_m":361.1,"confidence":0.352}},{"type":"Feature","geometry":{"type":"LineString","coordinates":[[11.9847501,57.7044362],[11.9847656,57.7042935]]},"properties":{"id":"7373670_1455778261_0","sensor_id":null,"level":null,"bidirectional":false,"name":"Sk\u00e5negatan","highway":"secondary","length_m":15.9,"dist_sensor_m":384.5,"confidence":0.306}},{"type":"Feature","geometry":{"type":"LineString","coordinates":[[11.9847501,57.7044362],[11.9845024,57.7044225],[11.9839899,57.7043848],[11.9836995,57.7043568],[11.98356,57.7043368],[11.9834341,57.7043175],[11.9832942,57.704296]]},"properties":{"id":"7373670_983019640_0","sensor_id":null,"level":null,"bidirectional":false,"name":"Bohusgatan","highway":"unclassified","length_m":88.1,"dist_sensor_m":394.0,"confidence":0.289}},{"type":"Feature","geometry":{"type":"LineString","coordinates":[[11.9852052,57.6997951],[11.985364,57.6997074],[11.98562,57.6995339]]},"properties":{"id":"14774902_9439210780_0","sensor_id":null,"level":null,"bidirectional":false,"name":"Sten Sturegatan","highway":"unclassified","length_m":38.1,"dist_sensor_m":105.8,"confidence":0.914}},{"type":"Feature","geometry":{"type":"LineString","coordinates":[[11.9852052,57.6997951],[11.9849981,57.6997052],[11.9840509,57.6993125]]},"properties":{"id":"14774902_30420876_0","sensor_id":null,"level":null,"bidirectional":false,"name":"Berzeliigatan","highway":"tertiary","length_m":87.1,"dist_sensor_m":153.8,"confidence":0.828}},{"type":"Feature","geometry":{"type":"LineString","coordinates":[[11.9857152,57.6999792],[11.9856126,57.6999563],[11.9855181,57.6999262]]},"properties":{"id":"18241874_9037089313_0","sensor_id":null,"level":null,"bidirectional":false,"name":"Burg\u00e5rdsplatsen","highway":"secondary","length_m":13.1,"dist_sensor_m":86.5,"confidence":0.942}},{"type":"Feature","geometry":{"type":"LineString","coordinates":[[11.9857152,57.6999792],[11.9856163,57.6996533],[11.98562,57.6995339]]},"properties":{"id":"18241874_9439210780_0","sensor_id":null,"level":null,"bidirectional":false,"name":"Burg\u00e5rdsplatsen","highway":"secondary","length_m":50.0,"dist_sensor_m":88.0,"confidence":0.94}},{"type":"Feature","geometry":{"type":"LineString","coordinates":[[11.9794281,57.6973776],[11.9793487,57.6974282]]},"properties":{"id":"25581714_2395027728_0","sensor_id":null,"level":null,"bidirectional":false,"name":"Kungsportsavenyen","highway":"residential","length_m":7.3,"dist_sensor_m":392.4,"confidence":0.292}},{"type":"Feature","geometry":{"type":"LineString","coordinates":[[11.9754751,57.6979797],[11.9747595,57.6976802],[11.9746879,57.6976495],[11.9745079,57.6975605]]},"properties":{"id":"25734037_25734041_0","sensor_id":null,"level":null,"bidirectional":false,"name":"Engelbrektsgatan","highway":"tertiary","length_m":74.0,"dist_sensor_m":388.2,"confidence":0.3}},{"type":"Feature","geometry":{"type":"LineString","coordinates":[[11.9766749,57.6973537],[11.9752512,57.6972856],[11.9749933,57.697255]]},"properties":{"id":"25734039_25734043_0","sensor_id":null,"level":null,"bidirectional":false,"name":"Geijersgatan","highway":"residential","length_m":100.6,"dist_sensor_m":330.9,"confidence":0.417}},{"type":"Feature","geometry":{"type":"LineString","coordinates":[[11.9766749,57.6973537],[11.9767038,57.6972779],[11.9767723,57.6972032],[11.9774527,57.6967387],[11.9774807,57.6967193],[11.9775122,57.6967006],[11.9775853,57.6966478]]},"properties":{"id":"25734039_25734040_0","sensor_id":null,"level":null,"bidirectional":false,"name":"Arkivgatan","highway":"residential","length_m":96.3,"dist_sensor_m":302.5,"confidence":0.481}},{"type":"Feature","geometry":{"type":"LineString","coordinates":[[11.9775853,57.6966478],[11.977663,57.6966815],[11.977779,57.6967303],[11.9781137,57.6968693],[11.9784691,57.6970136]]},"properties":{"id":"25734040_2395027712_0","sensor_id":null,"level":null,"bidirectional":false,"name":"Viktor Rydbergsgatan","highway":"tertiary","length_m":66.4,"dist_sensor_m":299.7,"confidence":0.488}},{"type":"Feature","geometry":{"type":"LineString","coordinates":[[11.9775853,57.6966478],[11.977464,57.69659],[11.9774254,57.6965453],[11.9772254,57.6962637]]},"properties":{"id":"25734040_96527131_0","sensor_id":null,"level":null,"bidirectional":false,"name":"Viktor Rydbergsgatan","highway":"tertiary","length_m":48.6,"dist_sensor_m":247.9,"confidence":0.612}},{"type":"Feature","geometry":{"type":"LineString","coordinates":[[11.9775853,57.6966478],[11.9775122,57.6967006],[11.9774807,57.6967193],[11.9774527,57.6967387],[11.9767723,57.6972032],[11.9767038,57.6972779],[11.9766749,57.6973537]]},"properties":{"id":"25734040_25734039_0","sensor_id":null,"level":null,"bidirectional":false,"name":"Arkivgatan","highway":"residential","length_m":96.3,"dist_sensor_m":302.5,"confidence":0.481}},{"type":"Feature","geometry":{"type":"LineString","coordinates":[[11.9745079,57.6975605],[11.974619,57.6974764],[11.9746896,57.6974252],[11.9748511,57.6973341],[11.9749933,57.697255]]},"properties":{"id":"25734041_25734043_0","sensor_id":null,"level":null,"bidirectional":false,"name":"G\u00f6tabergsgatan","highway":"residential","length_m":44.7,"dist_sensor_m":351.6,"confidence":0.372}},{"type":"Feature","geometry":{"type":"LineString","coordinates":[[11.9745079,57.6975605],[11.9742948,57.6974863],[11.9741944,57.6974497],[11.9740114,57.6973946],[11.9737947,57.6973505],[11.9734976,57.6973367],[11.9731659,57.6973215],[11.9724017,57.6972906],[11.9718806,57.6972707],[11.9715832,57.6972605]]},"properties":{"id":"25734041_3473721571_0","sensor_id":null,"level":null,"bidirectional":false,"name":"Engelbrektsgatan","highway":"tertiary","length_m":180.4,"dist_sensor_m":388.3,"confidence":0.299}},{"type":"Feature","geometry":{"type":"LineString","coordinates":[[11.9745079,57.6975605],[11.9746879,57.6976495],[11.9747595,57.6976802],[11.9754751,57.6979797]]},"properties":{"id":"25734041_25734037_0","sensor_id":null,"level":null,"bidirectional":false,"name":"Engelbrektsgatan","highway":"tertiary","length_m":74.0,"dist_sensor_m":388.2,"confidence":0.3}},{"type":"Feature","geometry":{"type":"LineString","coordinates":[[11.9749933,57.697255],[11.9750417,57.6972171],[11.9754676,57.6969039]]},"properties":{"id":"25734043_1705153232_0","sensor_id":null,"level":null,"bidirectional":false,"name":"G\u00f6tabergsgatan","highway":"residential","length_m":48.2,"dist_sensor_m":310.1,"confidence":0.463}},{"type":"Feature","geometry":{"type":"LineString","coordinates":[[11.9749933,57.697255],[11.9748511,57.6973341],[11.9746896,57.6974252],[11.974619,57.6974764],[11.9745079,57.6975605]]},"properties":{"id":"25734043_25734041_0","sensor_id":null,"level":null,"bidirectional":false,"name":"G\u00f6tabergsgatan","highway":"residential","length_m":44.7,"dist_sensor_m":351.6,"confidence":0.372}},{"type":"Feature","geometry":{"type":"LineString","coordinates":[[11.9749933,57.697255],[11.9752512,57.6972856],[11.9766749,57.6973537]]},"properties":{"id":"25734043_25734039_0","sensor_id":null,"level":null,"bidirectional":false,"name":"Geijersgatan","highway":"residential","length_m":100.6,"dist_sensor_m":330.9,"confidence":0.417}},{"type":"Feature","geometry":{"type":"LineString","coordinates":[[11.9767334,57.6981413],[11.9766643,57.6974571],[11.9766749,57.6973537]]},"properties":{"id":"25734044_25734039_0","sensor_id":null,"level":null,"bidirectional":false,"name":"Arkivgatan","highway":"residential","length_m":87.7,"dist_sensor_m":381.2,"confidence":0.313}},{"type":"Feature","geometry":{"type":"LineString","coordinates":[[11.9730049,57.6935287],[11.9731608,57.6935708],[11.9732127,57.693585]]},"properties":{"id":"26193194_1759741980_0","sensor_id":null,"level":null,"bidirectional":false,"name":"L\u00e4raregatan","highway":"tertiary","length_m":13.8,"dist_sensor_m":68.3,"confidence":0.963}},{"type":"Feature","geometry":{"type":"LineString","coordinates":[[11.9730049,57.6935287],[11.9731001,57.6933667],[11.9731926,57.693185],[11.9733261,57.6929316]]},"properties":{"id":"26193194_1300365504_0","sensor_id":null,"level":null,"bidirectional":false,"name":"Aschebergsgatan","highway":"tertiary","length_m":69.1,"dist_sensor_m":87.6,"confidence":0.94}},{"type":"Feature","geometry":{"type":"LineString","coordinates":[[11.9730049,57.6935287],[11.9728466,57.6934893],[11.9727377,57.6934587],[11.9725214,57.6933979],[11.9719907,57.693231]]},"properties":{"id":"26193194_96154388_0","sensor_id":null,"level":null,"bidirectional":false,"name":"Amund Grefwegatan","highway":"residential","length_m":68.8,"dist_sensor_m":109.6,"confidence":0.908}},{"type":"Feature","geometry":{"type":"LineString","coordinates":[[11.9758214,57.6942684],[11.9757655,57.6943401],[11.9757189,57.6943942],[11.9749119,57.6953324],[11.9748666,57.6953795],[11.9748236,57.6954314]]},"properties":{"id":"26355153_165154328_0","sensor_id":null,"level":null,"bidirectional":false,"name":"R\u00f6hssgatan","highway":"residential","length_m":142.3,"dist_sensor_m":75.0,"confidence":0.956}},{"type":"Feature","geometry":{"type":"LineString","coordinates":[[11.9758214,57.6942684],[11.9758621,57.6942126],[11.9759385,57.6941218],[11.9759878,57.6940663],[11.9761008,57.693948],[11.9762651,57.6937717],[11.97642,57.6936022],[11.9765603,57.6934508]]},"properties":{"id":"26355153_96523321_0","sensor_id":"134","level":"SO","bidirectional":false,"name":"Gibraltargatan","highway":"tertiary","length_m":101.0,"dist_sensor_m":25.8,"confidence":0.995}},{"type":"Feature","geometry":{"type":"LineString","coordinates":[[11.9758214,57.6942684],[11.9755568,57.6941969],[11.9754387,57.6941663],[11.9739329,57.6937761],[11.9736125,57.6936948],[11.973522,57.6936719],[11.9733456,57.6936276]]},"properties":{"id":"26355153_91615277_0","sensor_id":"2276","level":"V","bidirectional":false,"name":"L\u00e4raregatan","highway":"tertiary","length_m":163.5,"dist_sensor_m":29.6,"confidence":0.993}},{"type":"Feature","geometry":{"type":"LineString","coordinates":[[11.9758214,57.6942684],[11.976026,57.6943234],[11.9760882,57.694342],[11.9762977,57.6944044],[11.9765189,57.6944806],[11.9766819,57.6945491]]},"properties":{"id":"26355153_26842525_0","sensor_id":null,"level":null,"bidirectional":false,"name":"L\u00e4raregatan","highway":"tertiary","length_m":60.1,"dist_sensor_m":11.0,"confidence":0.999}},{"type":"Feature","geometry":{"type":"LineString","coordinates":[[11.9766819,57.6945491],[11.9767522,57.6946117],[11.9768204,57.6946896],[11.9768484,57.6947353],[11.9768605,57.6947867]]},"properties":{"id":"26842525_26842526_0","sensor_id":null,"level":null,"bidirectional":false,"name":"L\u00e4raregatan","highway":"tertiary","length_m":28.8,"dist_sensor_m":53.2,"confidence":0.978}},{"type":"Feature","geometry":{"type":"LineString","coordinates":[[11.9766819,57.6945491],[11.9765189,57.6944806],[11.9762977,57.6944044],[11.9760882,57.694342],[11.976026,57.6943234],[11.9758214,57.6942684]]},"properties":{"id":"26842525_26355153_0","sensor_id":"133","level":"V","bidirectional":false,"name":"L\u00e4raregatan","highway":"tertiary","length_m":60.1,"dist_sensor_m":11.0,"confidence":0.999}},{"type":"Feature","geometry":{"type":"LineString","coordinates":[[11.9768605,57.6947867],[11.9768607,57.6948296],[11.9768348,57.6948878],[11.9767945,57.6949502],[11.9765619,57.6952182],[11.9764997,57.6953159],[11.9764836,57.6953695],[11.9764889,57.6954317],[11.9765132,57.6955026],[11.9765426,57.6955468],[11.9766921,57.6957114],[11.9768033,57.6958191],[11.9769507,57.6959617],[11.9772254,57.6962637]]},"properties":{"id":"26842526_96527131_0","sensor_id":null,"level":null,"bidirectional":false,"name":"Viktor Rydbergsgatan","highway":"tertiary","length_m":178.8,"dist_sensor_m":143.2,"confidence":0.849}},{"type":"Feature","geometry":{"type":"LineString","coordinates":[[11.9768605,57.6947867],[11.9768484,57.6947353],[11.9768204,57.6946896],[11.9767522,57.6946117],[11.9766819,57.6945491]]},"properties":{"id":"26842526_26842525_0","sensor_id":null,"level":null,"bidirectional":false,"name":"L\u00e4raregatan","highway":"tertiary","length_m":28.8,"dist_sensor_m":53.2,"confidence":0.978}},{"type":"Feature","geometry":{"type":"LineString","coordinates":[[11.9768605,57.6947867],[11.9769792,57.6947852],[11.977051,57.6947893],[11.9771021,57.6947923],[11.9773797,57.6948107],[11.9776088,57.6948394]]},"properties":{"id":"26842526_305677058_0","sensor_id":null,"level":null,"bidirectional":false,"name":"Viktor Rydbergsgatan","highway":"residential","length_m":45.0,"dist_sensor_m":84.5,"confidence":0.945}},{"type":"Feature","geometry":{"type":"LineString","coordinates":[[11.9910254,57.7035215],[11.9911042,57.7033131],[11.9912008,57.7030528],[11.9912737,57.7029266],[11.9912962,57.7028728],[11.991356,57.7027669],[11.9914578,57.7025866]]},"properties":{"id":"30420749_60911700_0","sensor_id":null,"level":null,"bidirectional":false,"name":"\u00c5v\u00e4gen","highway":"unclassified","length_m":107.2,"dist_sensor_m":399.8,"confidence":0.278}},{"type":"Feature","geometry":{"type":"LineString","coordinates":[[11.9861772,57.6989741],[11.9863765,57.6983109]]},"properties":{"id":"30420757_30421744_0","sensor_id":"1076","level":"S","bidirectional":false,"name":"Sk\u00e5negatan","highway":"secondary","length_m":74.7,"dist_sensor_m":52.5,"confidence":0.978}},{"type":"Feature","geometry":{"type":"LineString","coordinates":[[11.9849974,57.6986616],[11.9857925,57.6989805],[11.9858369,57.6989983],[11.9858894,57.6990129],[11.9859602,57.6990168],[11.9860155,57.699011],[11.9860973,57.698996],[11.9861772,57.6989741]]},"properties":{"id":"30420758_30420757_0","sensor_id":null,"level":null,"bidirectional":false,"name":"Tegn\u00e9rsgatan","highway":"residential","length_m":83.9,"dist_sensor_m":91.4,"confidence":0.935}},{"type":"Feature","geometry":{"type":"LineString","coordinates":[[11.9849974,57.6986616],[11.9841296,57.6992529],[11.9840509,57.6993125]]},"properties":{"id":"30420758_30420876_0","sensor_id":null,"level":null,"bidirectional":false,"name":"Hed\u00e5sgatan","highway":"residential","length_m":91.7,"dist_sensor_m":151.5,"confidence":0.832}},{"type":"Feature","geometry":{"type":"LineString","coordinates":[[11.9840509,57.6993125],[11.9830286,57.6988829]]},"properties":{"id":"30420876_30420904_0","sensor_id":null,"level":null,"bidirectional":false,"name":"Berzeliigatan","highway":"tertiary","length_m":77.3,"dist_sensor_m":207.8,"confidence":0.708}},{"type":"Feature","geometry":{"type":"LineString","coordinates":[[11.9840509,57.6993125],[11.9839745,57.6993694],[11.983958,57.6993799],[11.9838709,57.6994391],[11.9835578,57.6996608],[11.9823747,57.7004518],[11.9823208,57.7004873],[11.9820713,57.7006686],[11.9820022,57.7007193]]},"properties":{"id":"30420876_30420899_0","sensor_id":null,"level":null,"bidirectional":false,"name":"Hed\u00e5sgatan","highway":"residential","length_m":198.2,"dist_sensor_m":194.1,"confidence":0.74}},{"type":"Feature","geometry":{"type":"LineString","coordinates":[[11.9840509,57.6993125],[11.9841296,57.6992529],[11.9849974,57.6986616]]},"properties":{"id":"30420876_30420758_0","sensor_id":null,"level":null,"bidirectional":false,"name":"Hed\u00e5sgatan","highway":"residential","length_m":91.7,"dist_sensor_m":151.5,"confidence":0.832}},{"type":"Feature","geometry":{"type":"LineString","coordinates":[[11.9840509,57.6993125],[11.9849981,57.6997052],[11.9852052,57.6997951]]},"properties":{"id":"30420876_14774902_0","sensor_id":null,"level":null,"bidirectional":false,"name":"Berzeliigatan","highway":"tertiary","length_m":87.1,"dist_sensor_m":153.8,"confidence":0.828}},{"type":"Feature","geometry":{"type":"LineString","coordinates":[[11.9833802,57.6968745],[11.9847272,57.6964383],[11.9850723,57.696324]]},"properties":{"id":"30420893_5162863585_0","sensor_id":null,"level":null,"bidirectional":false,"name":"Johannebergsgatan","highway":"residential","length_m":117.7,"dist_sensor_m":228.1,"confidence":0.659}},{"type":"Feature","geometry":{"type":"LineString","coordinates":[[11.9833802,57.6968745],[11.9828645,57.6971251],[11.9821079,57.6974923],[11.9819266,57.6976113]]},"properties":{"id":"30420893_30453571_0","sensor_id":null,"level":null,"bidirectional":false,"name":"Johannebergsgatan","highway":"residential","length_m":119.2,"dist_sensor_m":258.5,"confidence":0.586}},{"type":"Feature","geometry":{"type":"LineString","coordinates":[[11.9833802,57.6968745],[11.9833993,57.6974439],[11.9834013,57.6974997]]},"properties":{"id":"30420893_8722747976_0","sensor_id":null,"level":null,"bidirectional":false,"name":"Olof Wijksgatan","highway":"residential","length_m":69.5,"dist_sensor_m":222.5,"confidence":0.673}},{"type":"Feature","geometry":{"type":"LineString","coordinates":[[11.9833802,57.6968745],[11.9833248,57.6961597],[11.9832519,57.6960401]]},"properties":{"id":"30420893_30453565_0","sensor_id":null,"level":null,"bidirectional":false,"name":"Olof Wijksgatan","highway":"residential","length_m":93.5,"dist_sensor_m":276.0,"confidence":0.544}},{"type":"Feature","geometry":{"type":"LineString","coordinates":[[11.9809807,57.6980652],[11.9800031,57.697669]]},"properties":{"id":"30420895_2395027738_0","sensor_id":null,"level":null,"bidirectional":false,"name":"Berzeliigatan","highway":"tertiary","length_m":72.9,"dist_sensor_m":365.7,"confidence":0.343}},{"type":"Feature","geometry":{"type":"LineString","coordinates":[[11.9809807,57.6980652],[11.9813909,57.6982302],[11.981561,57.698298],[11.9816701,57.6983426],[11.9817592,57.6983786],[11.9818704,57.6984204]]},"properties":{"id":"30420895_10248537886_0","sensor_id":null,"level":null,"bidirectional":false,"name":"Berzeliigatan","highway":"tertiary","length_m":66.0,"dist_sensor_m":308.3,"confidence":0.467}},{"type":"Feature","geometry":{"type":"LineString","coordinates":[[11.9809807,57.6980652],[11.9810802,57.698011],[11.9811018,57.6979999],[11.9811891,57.6979497]]},"properties":{"id":"30420895_1705153399_0","sensor_id":null,"level":null,"bidirectional":false,"name":"Johannebergsgatan","highway":"residential","length_m":17.8,"dist_sensor_m":329.3,"confidence":0.42}},{"type":"Feature","geometry":{"type":"LineString","coordinates":[[11.9809515,57.7002954],[11.9800967,57.699925]]},"properties":{"id":"30420898_8722747939_0","sensor_id":null,"level":null,"bidirectional":false,"name":"Engelbrektsgatan","highway":"tertiary","length_m":65.4,"dist_sensor_m":326.3,"confidence":0.427}},{"type":"Feature","geometry":{"type":"LineString","coordinates":[[11.9809515,57.7002954],[11.981774,57.7006322],[11.9820022,57.7007193]]},"properties":{"id":"30420898_30420899_0","sensor_id":null,"level":null,"bidirectional":false,"name":"Engelbrektsgatan","highway":"tertiary","length_m":78.2,"dist_sensor_m":260.7,"confidence":0.581}},{"type":"Feature","geometry":{"type":"LineString","coordinates":[[11.9820022,57.7007193],[11.981774,57.7006322],[11.9809515,57.7002954]]},"properties":{"id":"30420899_30420898_0","sensor_id":null,"level":null,"bidirectional":false,"name":"Engelbrektsgatan","highway":"tertiary","length_m":78.2,"dist_sensor_m":260.7,"confidence":0.581}},{"type":"Feature","geometry":{"type":"LineString","coordinates":[[11.9820022,57.7007193],[11.9824579,57.7009152],[11.9828949,57.7010992],[11.9829689,57.7011307],[11.9831519,57.701218]]},"properties":{"id":"30420899_366911_0","sensor_id":null,"level":null,"bidirectional":false,"name":"Engelbrektsgatan","highway":"tertiary","length_m":88.0,"dist_sensor_m":190.6,"confidence":0.748}},{"type":"Feature","geometry":{"type":"LineString","coordinates":[[11.9830286,57.6988829],[11.9840509,57.6993125]]},"properties":{"id":"30420904_30420876_0","sensor_id":null,"level":null,"bidirectional":false,"name":"Berzeliigatan","highway":"tertiary","length_m":77.3,"dist_sensor_m":207.8,"confidence":0.708}},{"type":"Feature","geometry":{"type":"LineString","coordinates":[[11.9830286,57.6988829],[11.9824192,57.6986286],[11.9822483,57.6985631],[11.9821654,57.6985351],[11.9821272,57.6985204],[11.9820623,57.6984955]]},"properties":{"id":"30420904_60789862_0","sensor_id":null,"level":null,"bidirectional":false,"name":"Berzeliigatan","highway":"tertiary","length_m":71.8,"dist_sensor_m":247.6,"confidence":0.612}},{"type":"Feature","geometry":{"type":"LineString","coordinates":[[11.9830286,57.6988829],[11.9829542,57.6989321],[11.9828992,57.6989668]]},"properties":{"id":"30420904_1934023361_0","sensor_id":null,"level":null,"bidirectional":false,"name":"Wadmansgatan","highway":"residential","length_m":12.1,"dist_sensor_m":231.1,"confidence":0.652}},{"type":"Feature","geometry":{"type":"LineString","coordinates":[[11.9863765,57.6983109],[11.9862888,57.6982758],[11.9862411,57.6982576],[11.9861848,57.6982363],[11.9843699,57.6974761],[11.9843049,57.6974492],[11.9842713,57.6974298],[11.9842346,57.6974023]]},"properties":{"id":"30421744_8722747991_0","sensor_id":null,"level":null,"bidirectional":false,"name":"Burg\u00e5rdsgatan","highway":"residential","length_m":162.7,"dist_sensor_m":86.9,"confidence":0.941}},{"type":"Feature","geometry":{"type":"LineString","coordinates":[[11.9863765,57.6983109],[11.9864413,57.6980704],[11.9864912,57.6978775],[11.9865133,57.6977018],[11.9865254,57.6976099],[11.986533,57.6975756],[11.9865627,57.6974622],[11.9866071,57.6973011],[11.9866225,57.697245],[11.9866362,57.697162],[11.9866352,57.6971288],[11.9866263,57.6970961],[11.986593,57.6970607],[11.9865506,57.6970344],[11.9865163,57.6970196],[11.9863814,57.6969802],[11.9860845,57.696896],[11.9860251,57.6968801],[11.9859926,57.6968607],[11.9859829,57.6968432],[11.9859855,57.6968108]]},"properties":{"id":"30421744_7532496188_0","sensor_id":null,"level":null,"bidirectional":false,"name":"Korsv\u00e4gen","highway":"secondary","length_m":188.6,"dist_sensor_m":76.2,"confidence":0.955}},{"type":"Feature","geometry":{"type":"LineString","coordinates":[[11.9832519,57.6960401],[11.9833248,57.6961597],[11.9833802,57.6968745]]},"properties":{"id":"30453565_30420893_0","sensor_id":null,"level":null,"bidirectional":false,"name":"Olof Wijksgatan","highway":"residential","length_m":93.5,"dist_sensor_m":276.0,"confidence":0.544}},{"type":"Feature","geometry":{"type":"LineString","coordinates":[[11.9832519,57.6960401],[11.9830806,57.6958652],[11.9829571,57.6957407],[11.9827673,57.6955472],[11.9826724,57.6954561],[11.9825253,57.6953149],[11.9823685,57.6952042],[11.982262,57.6951458],[11.9820585,57.6950416],[11.9820425,57.6950322],[11.9820284,57.6950238],[11.9819971,57.6950016],[11.981962,57.6949646],[11.9819284,57.694905],[11.9819032,57.6948541],[11.9818874,57.6948068],[11.9818559,57.6947629]]},"properties":{"id":"30453565_305677026_0","sensor_id":null,"level":null,"bidirectional":false,"name":"Olof Wijksgatan","highway":"residential","length_m":166.4,"dist_sensor_m":394.3,"confidence":0.288}},{"type":"Feature","geometry":{"type":"LineString","coordinates":[[11.9832519,57.6960401],[11.9837107,57.6958584],[11.9841566,57.6957126],[11.9845378,57.6956264],[11.9846239,57.695597],[11.9846516,57.6955757],[11.9846793,57.6955544],[11.9849666,57.695209],[11.9850223,57.6951417],[11.9850324,57.6950955],[11.9850041,57.6950358],[11.9849271,57.6949859]]},"properties":{"id":"30453565_30453568_0","sensor_id":null,"level":null,"bidirectional":false,"name":"Renstr\u00f6msgatan","highway":"unclassified","length_m":170.9,"dist_sensor_m":334.9,"confidence":0.408}},{"type":"Feature","geometry":{"type":"LineString","coordinates":[[11.9849271,57.6949859],[11.9850041,57.6950358],[11.9850324,57.6950955],[11.9850223,57.6951417],[11.9849666,57.695209],[11.9846793,57.6955544],[11.9846516,57.6955757],[11.9846239,57.695597],[11.9845378,57.6956264],[11.9841566,57.6957126],[11.9837107,57.6958584],[11.9832519,57.6960401]]},"properties":{"id":"30453568_30453565_0","sensor_id":null,"level":null,"bidirectional":false,"name":"Renstr\u00f6msgatan","highway":"unclassified","length_m":170.9,"dist_sensor_m":334.9,"confidence":0.408}},{"type":"Feature","geometry":{"type":"LineString","coordinates":[[11.9819266,57.6976113],[11.9809882,57.6971219]]},"properties":{"id":"30453571_30453573_0","sensor_id":null,"level":null,"bidirectional":false,"name":"G\u00f6sta Rahmns Gata","highway":"residential","length_m":77.9,"dist_sensor_m":320.3,"confidence":0.44}},{"type":"Feature","geometry":{"type":"LineString","coordinates":[[11.9819266,57.6976113],[11.9821079,57.6974923],[11.9828645,57.6971251],[11.9833802,57.6968745]]},"properties":{"id":"30453571_30420893_0","sensor_id":null,"level":null,"bidirectional":false,"name":"Johannebergsgatan","highway":"residential","length_m":119.2,"dist_sensor_m":258.5,"confidence":0.586}},{"type":"Feature","geometry":{"type":"LineString","coordinates":[[11.9819266,57.6976113],[11.9816172,57.6977543],[11.9811891,57.6979497]]},"properties":{"id":"30453571_1705153399_0","sensor_id":null,"level":null,"bidirectional":false,"name":"Johannebergsgatan","highway":"residential","length_m":57.8,"dist_sensor_m":304.1,"confidence":0.477}},{"type":"Feature","geometry":{"type":"LineString","coordinates":[[11.9809882,57.6971219],[11.9819266,57.6976113]]},"properties":{"id":"30453573_30453571_0","sensor_id":null,"level":null,"bidirectional":false,"name":"G\u00f6sta Rahmns Gata","highway":"residential","length_m":77.9,"dist_sensor_m":320.3,"confidence":0.44}},{"type":"Feature","geometry":{"type":"LineString","coordinates":[[11.972274,57.6964608],[11.9724178,57.6964841],[11.9732718,57.696603],[11.9733772,57.6965987]]},"properties":{"id":"30470414_30470415_0","sensor_id":null,"level":null,"bidirectional":false,"name":"Vasa Kyrkogata","highway":"residential","length_m":67.7,"dist_sensor_m":311.7,"confidence":0.46}},{"type":"Feature","geometry":{"type":"LineString","coordinates":[[11.972274,57.6964608],[11.9721553,57.6964494],[11.972088,57.6964495],[11.9720552,57.6964495],[11.9718961,57.6964633],[11.971681,57.696509],[11.9712706,57.6966157],[11.9712387,57.6966212]]},"properties":{"id":"30470414_12688035190_0","sensor_id":null,"level":null,"bidirectional":false,"name":"Vasa Kyrkogata","highway":"residential","length_m":65.6,"dist_sensor_m":334.6,"confidence":0.408}},{"type":"Feature","geometry":{"type":"LineString","coordinates":[[11.972274,57.6964608],[11.972318,57.6963989],[11.9724544,57.6962067],[11.9726826,57.6959534],[11.9732121,57.695374],[11.9732408,57.6953424],[11.9735396,57.6950132],[11.9736062,57.6949427]]},"properties":{"id":"30470414_105980631_0","sensor_id":null,"level":null,"bidirectional":false,"name":"Molinsgatan","highway":"residential","length_m":186.6,"dist_sensor_m":221.6,"confidence":0.675}},{"type":"Feature","geometry":{"type":"LineString","coordinates":[[11.972274,57.6964608],[11.9721928,57.6965487],[11.971893,57.696887],[11.9717485,57.6970543],[11.9717025,57.6971075],[11.9716804,57.6971331],[11.9716219,57.6972008],[11.9715832,57.6972605]]},"properties":{"id":"30470414_3473721571_0","sensor_id":null,"level":null,"bidirectional":false,"name":"Molinsgatan","highway":"residential","length_m":98.0,"dist_sensor_m":363.3,"confidence":0.348}},{"type":"Feature","geometry":{"type":"LineString","coordinates":[[11.9733772,57.6965987],[11.9732718,57.696603],[11.9724178,57.6964841],[11.972274,57.6964608]]},"properties":{"id":"30470415_30470414_0","sensor_id":null,"level":null,"bidirectional":false,"name":"Vasa Kyrkogata","highway":"residential","length_m":67.7,"dist_sensor_m":311.7,"confidence":0.46}},{"type":"Feature","geometry":{"type":"LineString","coordinates":[[11.968582,57.6954008],[11.9686362,57.6953689],[11.9688803,57.6951822],[11.9689956,57.6951019],[11.9691606,57.6949772],[11.9692451,57.6948876],[11.9693711,57.6946984]]},"properties":{"id":"30480019_30480020_0","sensor_id":null,"level":null,"bidirectional":false,"name":"Karl Gustavsgatan","highway":"residential","length_m":91.8,"dist_sensor_m":336.6,"confidence":0.404}},{"type":"Feature","geometry":{"type":"LineString","coordinates":[[11.9693711,57.6946984],[11.9692451,57.6948876],[11.9691606,57.6949772],[11.9689956,57.6951019],[11.9688803,57.6951822],[11.9686362,57.6953689],[11.968582,57.6954008]]},"properties":{"id":"30480020_30480019_0","sensor_id":null,"level":null,"bidirectional":false,"name":"Karl Gustavsgatan","highway":"residential","length_m":91.8,"dist_sensor_m":336.6,"confidence":0.404}},{"type":"Feature","geometry":{"type":"LineString","coordinates":[[11.9699209,57.6959247],[11.9692354,57.6956055],[11.9690895,57.6955402],[11.9689209,57.6954787],[11.968582,57.6954008]]},"properties":{"id":"30480022_30480019_0","sensor_id":null,"level":null,"bidirectional":false,"name":"F\u00f6reningsgatan","highway":"residential","length_m":99.4,"dist_sensor_m":356.2,"confidence":0.362}},{"type":"Feature","geometry":{"type":"LineString","coordinates":[[11.9699209,57.6959247],[11.9701031,57.6960167],[11.9702565,57.6961113],[11.9704392,57.6962695],[11.9705116,57.6963572],[11.9705928,57.6964281],[11.9706636,57.6964559],[11.9707572,57.6964723],[11.9708059,57.6964817],[11.9708707,57.6964915]]},"properties":{"id":"30480022_312999717_0","sensor_id":null,"level":null,"bidirectional":false,"name":"F\u00f6reningsgatan","highway":"residential","length_m":87.5,"dist_sensor_m":347.1,"confidence":0.381}},{"type":"Feature","geometry":{"type":"LineString","coordinates":[[11.9699209,57.6959247],[11.9700664,57.6958836],[11.9700992,57.6958546],[11.9701882,57.6957758],[11.9705731,57.6954386],[11.970622,57.6953958],[11.9706476,57.6953732],[11.9708462,57.6951977],[11.970899,57.6951433],[11.9709348,57.6950841],[11.9709473,57.6950361],[11.9709584,57.69498]]},"properties":{"id":"30480022_105979798_0","sensor_id":null,"level":null,"bidirectional":false,"name":"Erik Dahlbergsgatan","highway":"residential","length_m":124.4,"dist_sensor_m":285.8,"confidence":0.52}},{"type":"Feature","geometry":{"type":"LineString","coordinates":[[11.9817127,57.7022066],[11.9817784,57.7022301],[11.982679,57.7026141],[11.9828687,57.7026952]]},"properties":{"id":"60128120_60128126_0","sensor_id":null,"level":null,"bidirectional":false,"name":"Hallandsgatan","highway":"residential","length_m":87.6,"dist_sensor_m":266.3,"confidence":0.567}},{"type":"Feature","geometry":{"type":"LineString","coordinates":[[11.9817127,57.7022066],[11.981861,57.7021068],[11.9821077,57.7019408],[11.9827835,57.701471],[11.9829506,57.7013524],[11.9830162,57.7013092],[11.9831519,57.701218]]},"properties":{"id":"60128120_366911_0","sensor_id":null,"level":null,"bidirectional":false,"name":"Sten Sturegatan","highway":"residential","length_m":139.3,"dist_sensor_m":216.5,"confidence":0.687}},{"type":"Feature","geometry":{"type":"LineString","coordinates":[[11.9817127,57.7022066],[11.9814828,57.7023642],[11.9814237,57.7024045],[11.9813385,57.7024616],[11.9812748,57.7025044],[11.9811701,57.7025775],[11.9808963,57.7027648],[11.9807779,57.7028457],[11.9806465,57.7029362],[11.9806,57.7029682],[11.9805582,57.702997]]},"properties":{"id":"60128120_1704389477_0","sensor_id":null,"level":null,"bidirectional":false,"name":"Sten Sturegatan","highway":"residential","length_m":111.5,"dist_sensor_m":331.7,"confidence":0.415}},{"type":"Feature","geometry":{"type":"LineString","coordinates":[[11.9828687,57.7026952],[11.982679,57.7026141],[11.9817784,57.7022301],[11.9817127,57.7022066]]},"properties":{"id":"60128126_60128120_0","sensor_id":null,"level":null,"bidirectional":false,"name":"Hallandsgatan","highway":"residential","length_m":87.6,"dist_sensor_m":266.3,"confidence":0.567}},{"type":"Feature","geometry":{"type":"LineString","coordinates":[[11.9798086,57.695113],[11.9797835,57.6951442],[11.9797164,57.6951961],[11.9796181,57.695256],[11.9795571,57.6952863],[11.9795099,57.6953043],[11.9794318,57.6953256],[11.9793782,57.6953357],[11.979282,57.6953498],[11.9791666,57.6953595],[11.9790394,57.6953583],[11.9789034,57.6953473],[11.978756,57.6953234],[11.9786007,57.6952856],[11.978427,57.6952294],[11.9784011,57.6952186],[11.9783064,57.695179],[11.9780206,57.6950029],[11.977922,57.6949497],[11.9777825,57.6948946],[11.9776088,57.6948394]]},"properties":{"id":"60356343_305677058_0","sensor_id":null,"level":null,"bidirectional":false,"name":"Viktor Rydbergsgatan","highway":"residential","length_m":162.3,"dist_sensor_m":168.9,"confidence":0.796}},{"type":"Feature","geometry":{"type":"LineString","coordinates":[[11.9798086,57.695113],[11.9799743,57.6951479],[11.9800931,57.6951891],[11.980508,57.6953546]]},"properties":{"id":"60356343_309366848_0","sensor_id":null,"level":null,"bidirectional":false,"name":"H\u00f6g\u00e5splatsen","highway":"residential","length_m":49.8,"dist_sensor_m":259.3,"confidence":0.584}},{"type":"Feature","geometry":{"type":"LineString","coordinates":[[11.9798086,57.695113],[11.9798275,57.6950603],[11.9798388,57.6949813]]},"properties":{"id":"60356343_96523780_0","sensor_id":null,"level":null,"bidirectional":false,"name":"Viktor Rydbergsgatan","highway":"residential","length_m":14.8,"dist_sensor_m":233.3,"confidence":0.647}},{"type":"Feature","geometry":{"type":"LineString","coordinates":[[11.9861859,57.699985],[11.9860283,57.6999889],[11.9859673,57.6999918]]},"properties":{"id":"60786979_1453741774_0","sensor_id":null,"level":null,"bidirectional":false,"name":"Burg\u00e5rdsplatsen","highway":"secondary","length_m":13.0,"dist_sensor_m":58.9,"confidence":0.973}},{"type":"Feature","geometry":{"type":"LineString","coordinates":[[11.9861859,57.699985],[11.9861618,57.7000717],[11.9861417,57.7001487],[11.9859384,57.7009075],[11.9858385,57.7013074],[11.9857205,57.701765],[11.9857038,57.7018299],[11.9856965,57.7018651],[11.9856794,57.7019313]]},"properties":{"id":"60786979_3575001205_0","sensor_id":"107","level":"Total","bidirectional":true,"name":"Sk\u00e5negatan","highway":"secondary","length_m":218.5,"dist_sensor_m":8.8,"confidence":0.999}},{"type":"Feature","geometry":{"type":"LineString","coordinates":[[11.985132,57.7044529],[11.9849755,57.7044479],[11.9849179,57.7044453],[11.9847501,57.7044362]]},"properties":{"id":"60786990_7373670_0","sensor_id":null,"level":null,"bidirectional":false,"name":"Bohusgatan","highway":"unclassified","length_m":22.8,"dist_sensor_m":391.7,"confidence":0.293}},{"type":"Feature","geometry":{"type":"LineString","coordinates":[[11.9873649,57.6955191],[11.9872785,57.6954554],[11.9872571,57.6954019],[11.9872436,57.6952224],[11.9872415,57.6951808],[11.9872413,57.695153],[11.9872414,57.6950831],[11.987248,57.6949865],[11.9873017,57.6943365],[11.9873091,57.6942644]]},"properties":{"id":"60789851_1304282393_0","sensor_id":null,"level":null,"bidirectional":false,"name":"Eklandagatan","highway":"tertiary","length_m":141.4,"dist_sensor_m":371.0,"confidence":0.332}},{"type":"Feature","geometry":{"type":"LineString","coordinates":[[11.9873649,57.6955191],[11.9874766,57.6955098],[11.9876462,57.6955142],[11.9877087,57.6955164],[11.9877668,57.6955178],[11.987962,57.6955264]]},"properties":{"id":"60789851_7532496128_0","sensor_id":null,"level":null,"bidirectional":false,"name":"Eklandagatan","highway":"tertiary","length_m":35.6,"dist_sensor_m":304.8,"confidence":0.476}},{"type":"Feature","geometry":{"type":"LineString","coordinates":[[11.9820623,57.6984955],[11.981994,57.6984731],[11.9819471,57.6984523],[11.9819084,57.6984352],[11.9818704,57.6984204]]},"properties":{"id":"60789862_10248537886_0","sensor_id":null,"level":null,"bidirectional":false,"name":"Berzeliigatan","highway":"tertiary","length_m":14.2,"dist_sensor_m":277.6,"confidence":0.54}},{"type":"Feature","geometry":{"type":"LineString","coordinates":[[11.9820623,57.6984955],[11.9819672,57.6985582],[11.9818873,57.6985994],[11.9818101,57.6986373],[11.9816587,57.6986868],[11.9810555,57.6989934],[11.9806952,57.6991726],[11.9801462,57.6994433],[11.9798477,57.6995934],[11.9797907,57.699627],[11.9796529,57.6996857]]},"properties":{"id":"60789862_8722747921_0","sensor_id":null,"level":null,"bidirectional":false,"name":"S\u00f6dra V\u00e4gen","highway":"tertiary","length_m":195.3,"dist_sensor_m":355.9,"confidence":0.363}},{"type":"Feature","geometry":{"type":"LineString","coordinates":[[11.9820623,57.6984955],[11.9821272,57.6985204],[11.9821654,57.6985351],[11.9822483,57.6985631],[11.9824192,57.6986286],[11.9830286,57.6988829]]},"properties":{"id":"60789862_30420904_0","sensor_id":null,"level":null,"bidirectional":false,"name":"Berzeliigatan","highway":"tertiary","length_m":71.8,"dist_sensor_m":247.6,"confidence":0.612}},{"type":"Feature","geometry":{"type":"LineString","coordinates":[[11.9914962,57.7003482],[11.9915076,57.7002412],[11.9915067,57.7001249],[11.9914562,57.6998602],[11.9913968,57.699335],[11.9913951,57.6993199],[11.9913672,57.6991721],[11.9913227,57.6989873],[11.991275,57.6988621],[11.9911647,57.6988192],[11.9909984,57.6987987]]},"properties":{"id":"60790252_1751665080_0","sensor_id":null,"level":null,"bidirectional":false,"name":"Sven Rydells Gata","highway":"unclassified","length_m":184.3,"dist_sensor_m":253.2,"confidence":0.599}},{"type":"Feature","geometry":{"type":"LineString","coordinates":[[11.9914962,57.7003482],[11.9912374,57.7003397],[11.9909428,57.7003229],[11.9902211,57.7002569],[11.9896396,57.700208],[11.9895779,57.7002034],[11.9883068,57.7000998],[11.987719,57.7000555],[11.9869894,57.7000021]]},"properties":{"id":"60790252_60790253_0","sensor_id":"1074","level":"V","bidirectional":false,"name":"Valhallagatan","highway":"unclassified","length_m":270.6,"dist_sensor_m":130.5,"confidence":0.873}},{"type":"Feature","geometry":{"type":"LineString","coordinates":[[11.9914962,57.7003482],[11.9916575,57.7003521],[11.9917287,57.7003523],[11.9918418,57.7003505],[11.9919759,57.7003426],[11.9920316,57.7003319],[11.9920803,57.7003165],[11.9921326,57.700284],[11.9921622,57.7002319],[11.9921648,57.7001495],[11.9921126,57.6997426]]},"properties":{"id":"60790252_60911732_0","sensor_id":null,"level":null,"bidirectional":false,"name":"\u00c5v\u00e4gen","highway":"unclassified","length_m":100.8,"dist_sensor_m":281.5,"confidence":0.53}},{"type":"Feature","geometry":{"type":"LineString","coordinates":[[11.9869894,57.7000021],[11.987719,57.7000555],[11.9883068,57.7000998],[11.9895779,57.7002034],[11.9896396,57.700208],[11.9902211,57.7002569],[11.9909428,57.7003229],[11.9912374,57.7003397],[11.9914962,57.7003482]]},"properties":{"id":"60790253_60790252_0","sensor_id":null,"level":null,"bidirectional":false,"name":"Valhallagatan","highway":"unclassified","length_m":270.6,"dist_sensor_m":130.5,"confidence":0.873}},{"type":"Feature","geometry":{"type":"LineString","coordinates":[[11.9869894,57.7000021],[11.986729,57.7000136],[11.9865314,57.6999981],[11.9864253,57.6999896],[11.9861859,57.699985]]},"properties":{"id":"60790253_60786979_0","sensor_id":null,"level":null,"bidirectional":false,"name":"Valhallagatan","highway":"unclassified","length_m":48.0,"dist_sensor_m":28.6,"confidence":0.993}},{"type":"Feature","geometry":{"type":"LineString","coordinates":[[11.9914578,57.7025866],[11.991356,57.7027669],[11.9912962,57.7028728],[11.9912737,57.7029266],[11.9912008,57.7030528],[11.9911042,57.7033131],[11.9910254,57.7035215]]},"properties":{"id":"60911700_30420749_0","sensor_id":null,"level":null,"bidirectional":false,"name":"\u00c5v\u00e4gen","highway":"unclassified","length_m":107.2,"dist_sensor_m":399.8,"confidence":0.278}},{"type":"Feature","geometry":{"type":"LineString","coordinates":[[11.9936005,57.7014843],[11.9920848,57.7013795],[11.9920472,57.7014579],[11.9919687,57.7016135],[11.9919552,57.7016399],[11.9916108,57.7022952],[11.9914578,57.7025866]]},"properties":{"id":"60911720_60911700_0","sensor_id":null,"level":null,"bidirectional":false,"name":"\u00c5v\u00e4gen","highway":"unclassified","length_m":230.1,"dist_sensor_m":394.6,"confidence":0.288}},{"type":"Feature","geometry":{"type":"LineString","coordinates":[[11.9939064,57.7006122],[11.9935763,57.7005796],[11.9926823,57.7004954]]},"properties":{"id":"60911724_60911725_0","sensor_id":null,"level":null,"bidirectional":false,"name":"Tritongatan","highway":"residential","length_m":73.9,"dist_sensor_m":374.8,"confidence":0.325}},{"type":"Feature","geometry":{"type":"LineString","coordinates":[[11.9926823,57.7004954],[11.9935763,57.7005796],[11.9939064,57.7006122]]},"properties":{"id":"60911725_60911724_0","sensor_id":null,"level":null,"bidirectional":false,"name":"Tritongatan","highway":"residential","length_m":73.9,"dist_sensor_m":374.8,"confidence":0.325}},{"type":"Feature","geometry":{"type":"LineString","coordinates":[[11.9921126,57.6997426],[11.9920006,57.6990044]]},"properties":{"id":"60911732_60911733_0","sensor_id":null,"level":null,"bidirectional":false,"name":"\u00c5v\u00e4gen","highway":"unclassified","length_m":82.4,"dist_sensor_m":305.0,"confidence":0.475}},{"type":"Feature","geometry":{"type":"LineString","coordinates":[[11.9921126,57.6997426],[11.9921648,57.7001495],[11.9921622,57.7002319],[11.9921326,57.700284],[11.9920803,57.7003165],[11.9920316,57.7003319],[11.9919759,57.7003426],[11.9918418,57.7003505],[11.9917287,57.7003523],[11.9916575,57.7003521],[11.9914962,57.7003482]]},"properties":{"id":"60911732_60790252_0","sensor_id":null,"level":null,"bidirectional":false,"name":"\u00c5v\u00e4gen","highway":"unclassified","length_m":100.8,"dist_sensor_m":281.5,"confidence":0.53}},{"type":"Feature","geometry":{"type":"LineString","coordinates":[[11.9920006,57.6990044],[11.9921126,57.6997426]]},"properties":{"id":"60911733_60911732_0","sensor_id":null,"level":null,"bidirectional":false,"name":"\u00c5v\u00e4gen","highway":"unclassified","length_m":82.4,"dist_sensor_m":305.0,"confidence":0.475}},{"type":"Feature","geometry":{"type":"LineString","coordinates":[[11.9920006,57.6990044],[11.9922348,57.6990146],[11.9928962,57.6990433],[11.9930704,57.6990509]]},"properties":{"id":"60911733_60911734_0","sensor_id":null,"level":null,"bidirectional":false,"name":"Under\u00e5sgatan","highway":"residential","length_m":63.8,"dist_sensor_m":343.0,"confidence":0.39}},{"type":"Feature","geometry":{"type":"LineString","coordinates":[[11.9920006,57.6990044],[11.9919747,57.6988223],[11.991975,57.6986031],[11.9920283,57.6984285],[11.9920991,57.6982852],[11.9921812,57.6981794],[11.9922314,57.6981186],[11.9922721,57.698089],[11.992345,57.6980555],[11.9924755,57.6980106],[11.9925196,57.6979986],[11.9925733,57.6979941],[11.99268,57.6979997],[11.9928397,57.6980082],[11.9929587,57.6980087],[11.993033,57.6979959],[11.9931221,57.6979747],[11.9932126,57.6979369],[11.993282,57.6978849]]},"properties":{"id":"60911733_60911752_0","sensor_id":null,"level":null,"bidirectional":false,"name":"\u00c5v\u00e4gen","highway":"unclassified","length_m":173.5,"dist_sensor_m":359.2,"confidence":0.356}},{"type":"Feature","geometry":{"type":"LineString","coordinates":[[11.9930704,57.6990509],[11.9935161,57.6990725]]},"properties":{"id":"60911734_60911735_0","sensor_id":null,"level":null,"bidirectional":false,"name":"Under\u00e5sgatan","highway":"residential","length_m":26.6,"dist_sensor_m":384.9,"confidence":0.306}},{"type":"Feature","geometry":{"type":"LineString","coordinates":[[11.9935161,57.6990725],[11.9934308,57.6993303],[11.9929954,57.6993048],[11.9930704,57.6990509]]},"properties":{"id":"60911735_60911734_0","sensor_id":null,"level":null,"bidirectional":false,"name":"Under\u00e5sgatan","highway":"residential","length_m":83.7,"dist_sensor_m":384.9,"confidence":0.306}},{"type":"Feature","geometry":{"type":"LineString","coordinates":[[11.9738763,57.6925504],[11.9738496,57.6926418],[11.9737601,57.6928712]]},"properties":{"id":"91615275_8710974792_0","sensor_id":null,"level":null,"bidirectional":false,"name":"Aschebergsgatan","highway":"tertiary","length_m":36.3,"dist_sensor_m":124.6,"confidence":0.883}},{"type":"Feature","geometry":{"type":"LineString","coordinates":[[11.9733456,57.6936276],[11.9732127,57.693585]]},"properties":{"id":"91615277_1759741980_0","sensor_id":null,"level":null,"bidirectional":false,"name":"L\u00e4raregatan","highway":"tertiary","length_m":9.2,"dist_sensor_m":56.8,"confidence":0.975}},{"type":"Feature","geometry":{"type":"LineString","coordinates":[[11.9733456,57.6936276],[11.973522,57.6936719],[11.9736125,57.6936948],[11.9739329,57.6937761],[11.9754387,57.6941663],[11.9755568,57.6941969],[11.9758214,57.6942684]]},"properties":{"id":"91615277_26355153_0","sensor_id":null,"level":null,"bidirectional":false,"name":"L\u00e4raregatan","highway":"tertiary","length_m":163.5,"dist_sensor_m":29.6,"confidence":0.993}},{"type":"Feature","geometry":{"type":"LineString","coordinates":[[11.9733456,57.6936276],[11.9732444,57.6937544],[11.9730624,57.6939789],[11.9728831,57.6942358],[11.9727716,57.6943842]]},"properties":{"id":"91615277_105980153_0","sensor_id":null,"level":null,"bidirectional":false,"name":"Aschebergsgatan","highway":"tertiary","length_m":90.8,"dist_sensor_m":68.2,"confidence":0.963}},{"type":"Feature","geometry":{"type":"LineString","coordinates":[[11.9719907,57.693231],[11.9719051,57.6933072],[11.9718415,57.6933724],[11.9717794,57.6934382],[11.9717369,57.6934922],[11.9717221,57.6935223],[11.9717207,57.69355]]},"properties":{"id":"96154388_105978925_0","sensor_id":null,"level":null,"bidirectional":false,"name":"Kapellplatsen","highway":"residential","length_m":39.3,"dist_sensor_m":144.4,"confidence":0.846}},{"type":"Feature","geometry":{"type":"LineString","coordinates":[[11.9719907,57.693231],[11.9725214,57.6933979],[11.9727377,57.6934587],[11.9728466,57.6934893],[11.9730049,57.6935287]]},"properties":{"id":"96154388_26193194_0","sensor_id":null,"level":null,"bidirectional":false,"name":"Amund Grefwegatan","highway":"residential","length_m":68.8,"dist_sensor_m":109.6,"confidence":0.908}},{"type":"Feature","geometry":{"type":"LineString","coordinates":[[11.9719907,57.693231],[11.9717945,57.6931617],[11.9717515,57.6931489],[11.9716838,57.6931248],[11.9714981,57.6930584],[11.9712124,57.6929559],[11.9710589,57.6928994],[11.9706967,57.692764],[11.9706145,57.6927341],[11.9704556,57.6926797]]},"properties":{"id":"96154388_96154389_0","sensor_id":null,"level":null,"bidirectional":false,"name":"Amund Grefwegatan","highway":"residential","length_m":109.9,"dist_sensor_m":198.6,"confidence":0.729}},{"type":"Feature","geometry":{"type":"LineString","coordinates":[[11.9704556,57.6926797],[11.9705569,57.6925966],[11.9706196,57.6925452],[11.9707407,57.6924458],[11.9708672,57.692342],[11.9711378,57.69212],[11.9711858,57.6920806],[11.9714062,57.6918998],[11.971746,57.6916211],[11.9718684,57.6915207],[11.9719827,57.6914269],[11.9721664,57.6912762],[11.9722067,57.6912431],[11.9723083,57.6911589]]},"properties":{"id":"96154389_96155589_0","sensor_id":null,"level":null,"bidirectional":false,"name":"Landalagatan","highway":"residential","length_m":201.8,"dist_sensor_m":267.6,"confidence":0.564}},{"type":"Feature","geometry":{"type":"LineString","coordinates":[[11.9704556,57.6926797],[11.9702775,57.6928207],[11.9702267,57.692862],[11.9697895,57.6932175]]},"properties":{"id":"96154389_105978418_0","sensor_id":null,"level":null,"bidirectional":false,"name":"Landalagatan","highway":"residential","length_m":71.7,"dist_sensor_m":258.1,"confidence":0.587}},{"type":"Feature","geometry":{"type":"LineString","coordinates":[[11.9704556,57.6926797],[11.9706145,57.6927341],[11.9706967,57.692764],[11.9710589,57.6928994],[11.9712124,57.6929559],[11.9714981,57.6930584],[11.9716838,57.6931248],[11.9717515,57.6931489],[11.9717945,57.6931617],[11.9719907,57.693231]]},"properties":{"id":"96154389_96154388_0","sensor_id":null,"level":null,"bidirectional":false,"name":"Amund Grefwegatan","highway":"residential","length_m":109.9,"dist_sensor_m":198.6,"confidence":0.729}},{"type":"Feature","geometry":{"type":"LineString","coordinates":[[11.9667627,57.6936986],[11.9669164,57.6937053],[11.9672036,57.6937178],[11.967915,57.6937487],[11.9680555,57.6937552],[11.9681071,57.693757],[11.9681574,57.693738],[11.9682197,57.6936615],[11.9684538,57.6933703],[11.9684914,57.6933556],[11.9685544,57.6933499],[11.9686685,57.6933866],[11.9691401,57.6935936],[11.9692189,57.6936],[11.9693322,57.6935718],[11.9696785,57.6933035],[11.9697895,57.6932175]]},"properties":{"id":"96154397_105978418_0","sensor_id":null,"level":null,"bidirectional":false,"name":"Hantverkaregatan","highway":"residential","length_m":239.1,"dist_sensor_m":351.3,"confidence":0.372}},{"type":"Feature","geometry":{"type":"LineString","coordinates":[[11.9732121,57.6904372],[11.9731843,57.6904594],[11.9723928,57.6910921],[11.9723083,57.6911589]]},"properties":{"id":"96154630_96155589_0","sensor_id":null,"level":null,"bidirectional":false,"name":"Landalagatan","highway":"residential","length_m":96.6,"dist_sensor_m":345.7,"confidence":0.384}},{"type":"Feature","geometry":{"type":"LineString","coordinates":[[11.9733475,57.6915698],[11.9732496,57.6915053],[11.9731182,57.6914357],[11.9726937,57.6912952],[11.9724084,57.6911904],[11.9723083,57.6911589]]},"properties":{"id":"96155587_96155589_0","sensor_id":null,"level":null,"bidirectional":false,"name":"Holtermansgatan","highway":"residential","length_m":77.4,"dist_sensor_m":283.8,"confidence":0.525}},{"type":"Feature","geometry":{"type":"LineString","coordinates":[[11.9723083,57.6911589],[11.9723928,57.6910921],[11.9731843,57.6904594],[11.9732121,57.6904372]]},"properties":{"id":"96155589_96154630_0","sensor_id":null,"level":null,"bidirectional":false,"name":"Landalagatan","highway":"residential","length_m":96.6,"dist_sensor_m":345.7,"confidence":0.384}},{"type":"Feature","geometry":{"type":"LineString","coordinates":[[11.9723083,57.6911589],[11.9722067,57.6912431],[11.9721664,57.6912762],[11.9719827,57.6914269],[11.9718684,57.6915207],[11.971746,57.6916211],[11.9714062,57.6918998],[11.9711858,57.6920806],[11.9711378,57.69212],[11.9708672,57.692342],[11.9707407,57.6924458],[11.9706196,57.6925452],[11.9705569,57.6925966],[11.9704556,57.6926797]]},"properties":{"id":"96155589_96154389_0","sensor_id":null,"level":null,"bidirectional":false,"name":"Landalagatan","highway":"residential","length_m":201.8,"dist_sensor_m":267.6,"confidence":0.564}},{"type":"Feature","geometry":{"type":"LineString","coordinates":[[11.9723083,57.6911589],[11.9724084,57.6911904],[11.9726937,57.6912952],[11.9731182,57.6914357],[11.9732496,57.6915053],[11.9733475,57.6915698]]},"properties":{"id":"96155589_96155587_0","sensor_id":null,"level":null,"bidirectional":false,"name":"Holtermansgatan","highway":"residential","length_m":77.4,"dist_sensor_m":283.8,"confidence":0.525}},{"type":"Feature","geometry":{"type":"LineString","coordinates":[[11.9723083,57.6911589],[11.9720634,57.6910885],[11.9716617,57.6909249],[11.9712852,57.6907931],[11.9710104,57.6906969],[11.9709466,57.6906746],[11.9708158,57.6907103],[11.9707775,57.6907207],[11.9707487,57.6907309],[11.9707255,57.6907416],[11.9707027,57.6907558],[11.9704208,57.6909715]]},"properties":{"id":"96155589_307866687_0","sensor_id":null,"level":null,"bidirectional":false,"name":"Holtermansgatan","highway":"residential","length_m":143.8,"dist_sensor_m":347.9,"confidence":0.38}},{"type":"Feature","geometry":{"type":"LineString","coordinates":[[11.9782127,57.6917533],[11.9780866,57.6918607],[11.9780187,57.691923],[11.9778902,57.6920506],[11.9777598,57.6921757],[11.9776947,57.6922382],[11.9775685,57.6923606],[11.97746,57.6924715],[11.9772376,57.6927069]]},"properties":{"id":"96523105_96523603_0","sensor_id":null,"level":null,"bidirectional":false,"name":"Gibraltargatan","highway":"tertiary","length_m":120.9,"dist_sensor_m":228.6,"confidence":0.658}},{"type":"Feature","geometry":{"type":"LineString","coordinates":[[11.9782127,57.6917533],[11.9782888,57.6916831],[11.9783686,57.6916174]]},"properties":{"id":"96523105_292889341_0","sensor_id":null,"level":null,"bidirectional":false,"name":"Gibraltargatan","highway":"tertiary","length_m":17.7,"dist_sensor_m":297.8,"confidence":0.492}},{"type":"Feature","geometry":{"type":"LineString","coordinates":[[11.9798531,57.6922374],[11.9799892,57.6922883]]},"properties":{"id":"96523244_972443175_0","sensor_id":null,"level":null,"bidirectional":false,"name":"Vidblicksgatan","highway":"residential","length_m":9.9,"dist_sensor_m":308.5,"confidence":0.467}},{"type":"Feature","geometry":{"type":"LineString","coordinates":[[11.9798531,57.6922374],[11.9783994,57.6918065],[11.9783197,57.6917844],[11.9782127,57.6917533]]},"properties":{"id":"96523244_96523105_0","sensor_id":null,"level":null,"bidirectional":false,"name":"Vidblicksgatan","highway":"residential","length_m":111.4,"dist_sensor_m":293.0,"confidence":0.503}},{"type":"Feature","geometry":{"type":"LineString","coordinates":[[11.9798531,57.6922374],[11.9801194,57.6920263],[11.9803569,57.6918427],[11.9803882,57.6918168],[11.9804573,57.6917667],[11.9804976,57.6917375]]},"properties":{"id":"96523244_135735113_0","sensor_id":null,"level":null,"bidirectional":false,"name":"Viktor Rydbergsgatan","highway":"residential","length_m":67.5,"dist_sensor_m":340.1,"confidence":0.396}},{"type":"Feature","geometry":{"type":"LineString","coordinates":[[11.9765603,57.6934508],[11.97642,57.6936022],[11.9762651,57.6937717],[11.9761008,57.693948],[11.9759878,57.6940663],[11.9759385,57.6941218],[11.9758621,57.6942126],[11.9758214,57.6942684]]},"properties":{"id":"96523321_26355153_0","sensor_id":null,"level":null,"bidirectional":false,"name":"Gibraltargatan","highway":"tertiary","length_m":101.0,"dist_sensor_m":25.8,"confidence":0.995}},{"type":"Feature","geometry":{"type":"LineString","coordinates":[[11.9765603,57.6934508],[11.9767559,57.6932309],[11.9768424,57.6931384],[11.977077,57.6928756]]},"properties":{"id":"96523321_96523748_0","sensor_id":null,"level":null,"bidirectional":false,"name":"Gibraltargatan","highway":"tertiary","length_m":71.0,"dist_sensor_m":111.6,"confidence":0.905}},{"type":"Feature","geometry":{"type":"LineString","coordinates":[[11.9782438,57.693666],[11.9780713,57.6936481],[11.9767211,57.693482],[11.9766519,57.6934694],[11.9765603,57.6934508]]},"properties":{"id":"96523394_96523321_0","sensor_id":null,"level":null,"bidirectional":false,"name":"Kjellbergsgatan","highway":"residential","length_m":102.9,"dist_sensor_m":102.1,"confidence":0.92}},{"type":"Feature","geometry":{"type":"LineString","coordinates":[[11.9782438,57.693666],[11.9782525,57.6929988],[11.9781812,57.6929052]]},"properties":{"id":"96523394_96523573_0","sensor_id":null,"level":null,"bidirectional":false,"name":"Sylvestergatan","highway":"residential","length_m":85.4,"dist_sensor_m":159.0,"confidence":0.817}},{"type":"Feature","geometry":{"type":"LineString","coordinates":[[11.9782438,57.693666],[11.9782491,57.6937682],[11.9783357,57.6938414]]},"properties":{"id":"96523394_305677012_0","sensor_id":null,"level":null,"bidirectional":false,"name":"Pontus Wiknersgatan","highway":"residential","length_m":21.0,"dist_sensor_m":142.5,"confidence":0.85}},{"type":"Feature","geometry":{"type":"LineString","coordinates":[[11.9793849,57.6936133],[11.9792707,57.6936476],[11.9787546,57.6937965]]},"properties":{"id":"96523439_973134726_0","sensor_id":null,"level":null,"bidirectional":false,"name":"Pontus Wiknersgatan","highway":"residential","length_m":42.6,"dist_sensor_m":188.0,"confidence":0.754}},{"type":"Feature","geometry":{"type":"LineString","coordinates":[[11.9793849,57.6936133],[11.9792798,57.693188],[11.9792798,57.6930469],[11.9792899,57.6929679],[11.9793301,57.6928534],[11.979378,57.6927667],[11.97945,57.6926602],[11.9795501,57.6925675]]},"properties":{"id":"96523439_972443159_0","sensor_id":null,"level":null,"bidirectional":false,"name":"Viktor Rydbergsgatan","highway":"residential","length_m":119.7,"dist_sensor_m":234.5,"confidence":0.644}},{"type":"Feature","geometry":{"type":"LineString","coordinates":[[11.9793849,57.6936133],[11.9794053,57.6936798],[11.9794651,57.6938718],[11.9796476,57.6944008]]},"properties":{"id":"96523439_973134717_0","sensor_id":null,"level":null,"bidirectional":false,"name":"Viktor Rydbergsgatan","highway":"residential","length_m":89.0,"dist_sensor_m":204.3,"confidence":0.716}},{"type":"Feature","geometry":{"type":"LineString","coordinates":[[11.9784926,57.693875],[11.9783357,57.6938414]]},"properties":{"id":"96523570_305677012_0","sensor_id":null,"level":null,"bidirectional":false,"name":"Pontus Wiknersgatan","highway":"residential","length_m":10.0,"dist_sensor_m":145.5,"confidence":0.844}},{"type":"Feature","geometry":{"type":"LineString","coordinates":[[11.9781812,57.6929052],[11.9782525,57.6929988],[11.9782438,57.693666]]},"properties":{"id":"96523573_96523394_0","sensor_id":null,"level":null,"bidirectional":false,"name":"Sylvestergatan","highway":"residential","length_m":85.4,"dist_sensor_m":159.0,"confidence":0.817}},{"type":"Feature","geometry":{"type":"LineString","coordinates":[[11.9772376,57.6927069],[11.9773205,57.6927241],[11.9778548,57.6928514],[11.9778965,57.6928661],[11.9779142,57.6928901],[11.9779191,57.6929189],[11.9778932,57.6929353],[11.9778482,57.692949],[11.9777772,57.6929497],[11.9772141,57.6929008],[11.9771729,57.6928928],[11.977077,57.6928756]]},"properties":{"id":"96523603_96523748_0","sensor_id":null,"level":null,"bidirectional":false,"name":"\u00c5landsgatan","highway":"residential","length_m":101.3,"dist_sensor_m":157.6,"confidence":0.82}},{"type":"Feature","geometry":{"type":"LineString","coordinates":[[11.9772376,57.6927069],[11.9771542,57.6927883],[11.977077,57.6928756]]},"properties":{"id":"96523603_96523748_1","sensor_id":null,"level":null,"bidirectional":false,"name":"Gibraltargatan","highway":"tertiary","length_m":21.1,"dist_sensor_m":157.6,"confidence":0.82}},{"type":"Feature","geometry":{"type":"LineString","coordinates":[[11.9772376,57.6927069],[11.97746,57.6924715],[11.9775685,57.6923606],[11.9776947,57.6922382],[11.9777598,57.6921757],[11.9778902,57.6920506],[11.9780187,57.691923],[11.9780866,57.6918607],[11.9782127,57.6917533]]},"properties":{"id":"96523603_96523105_0","sensor_id":null,"level":null,"bidirectional":false,"name":"Gibraltargatan","highway":"tertiary","length_m":120.9,"dist_sensor_m":228.6,"confidence":0.658}},{"type":"Feature","geometry":{"type":"LineString","coordinates":[[11.977077,57.6928756],[11.9768424,57.6931384],[11.9767559,57.6932309],[11.9765603,57.6934508]]},"properties":{"id":"96523748_96523321_0","sensor_id":null,"level":null,"bidirectional":false,"name":"Gibraltargatan","highway":"tertiary","length_m":71.0,"dist_sensor_m":111.6,"confidence":0.905}},{"type":"Feature","geometry":{"type":"LineString","coordinates":[[11.977077,57.6928756],[11.9771542,57.6927883],[11.9772376,57.6927069]]},"properties":{"id":"96523748_96523603_0","sensor_id":null,"level":null,"bidirectional":false,"name":"Gibraltargatan","highway":"tertiary","length_m":21.1,"dist_sensor_m":157.6,"confidence":0.82}},{"type":"Feature","geometry":{"type":"LineString","coordinates":[[11.9798388,57.6949813],[11.980004,57.6949807],[11.9800618,57.6949855]]},"properties":{"id":"96523780_96528297_0","sensor_id":null,"level":null,"bidirectional":false,"name":"Lennart Torstenssonsgatan","highway":"residential","length_m":13.3,"dist_sensor_m":238.1,"confidence":0.635}},{"type":"Feature","geometry":{"type":"LineString","coordinates":[[11.9798388,57.6949813],[11.9798112,57.6949096],[11.9797835,57.6948206],[11.9796476,57.6944008]]},"properties":{"id":"96523780_973134717_0","sensor_id":null,"level":null,"bidirectional":false,"name":"Viktor Rydbergsgatan","highway":"residential","length_m":65.5,"dist_sensor_m":218.2,"confidence":0.683}},{"type":"Feature","geometry":{"type":"LineString","coordinates":[[11.9798388,57.6949813],[11.9798275,57.6950603],[11.9798086,57.695113]]},"properties":{"id":"96523780_60356343_0","sensor_id":null,"level":null,"bidirectional":false,"name":"Viktor Rydbergsgatan","highway":"residential","length_m":14.8,"dist_sensor_m":233.3,"confidence":0.647}},{"type":"Feature","geometry":{"type":"LineString","coordinates":[[11.9826425,57.6939676],[11.9824525,57.6939088],[11.9822315,57.6938693],[11.9820934,57.6938474],[11.9819564,57.6938346],[11.9817378,57.6938256],[11.9815246,57.6938257],[11.9812339,57.6938524],[11.9809747,57.6938924],[11.9808644,57.6939141],[11.9806216,57.6939799],[11.9805973,57.6939898],[11.9805271,57.6940184],[11.9802823,57.6941445],[11.980098,57.6942489],[11.9800325,57.6943038],[11.9799898,57.6943571],[11.9799704,57.6944029],[11.9799595,57.6944487],[11.9799674,57.6945147],[11.9800477,57.6947371],[11.9800893,57.6948736],[11.9800873,57.6949153],[11.9800618,57.6949855]]},"properties":{"id":"96524026_96528297_0","sensor_id":null,"level":null,"bidirectional":false,"name":"Lennart Torstenssonsgatan","highway":"residential","length_m":253.9,"dist_sensor_m":310.6,"confidence":0.462}},{"type":"Feature","geometry":{"type":"LineString","coordinates":[[11.9772254,57.6962637],[11.9774254,57.6965453],[11.977464,57.69659],[11.9775853,57.6966478]]},"properties":{"id":"96527131_25734040_0","sensor_id":null,"level":null,"bidirectional":false,"name":"Viktor Rydbergsgatan","highway":"tertiary","length_m":48.6,"dist_sensor_m":247.9,"confidence":0.612}},{"type":"Feature","geometry":{"type":"LineString","coordinates":[[11.9772254,57.6962637],[11.9769507,57.6959617],[11.9768033,57.6958191],[11.9766921,57.6957114],[11.9765426,57.6955468],[11.9765132,57.6955026],[11.9764889,57.6954317],[11.9764836,57.6953695],[11.9764997,57.6953159],[11.9765619,57.6952182],[11.9767945,57.6949502],[11.9768348,57.6948878],[11.9768607,57.6948296],[11.9768605,57.6947867]]},"properties":{"id":"96527131_26842526_0","sensor_id":null,"level":null,"bidirectional":false,"name":"Viktor Rydbergsgatan","highway":"tertiary","length_m":178.8,"dist_sensor_m":143.2,"confidence":0.849}},{"type":"Feature","geometry":{"type":"LineString","coordinates":[[11.9772254,57.6962637],[11.9773097,57.6962428],[11.9773637,57.6962284],[11.9774348,57.696206],[11.9774972,57.6961718],[11.97755,57.6961349],[11.9776249,57.6960874],[11.9777018,57.6960485],[11.9777847,57.6960194],[11.9778957,57.6959947],[11.9779723,57.6959806],[11.9780434,57.6959733],[11.9781172,57.6959733],[11.9782094,57.6959794],[11.9783918,57.6960048],[11.9786027,57.6960262],[11.9788229,57.6960558],[11.9792931,57.6961022],[11.9795928,57.6961222],[11.9798696,57.6961322],[11.9799081,57.6961309],[11.9799404,57.6961276],[11.9799875,57.6961168],[11.9800098,57.696106],[11.9800251,57.6960977],[11.9800584,57.6960748],[11.9803945,57.695844],[11.9804562,57.6958166],[11.9805095,57.695816],[11.9805627,57.6958268],[11.9809069,57.6959641],[11.9811809,57.6960764]]},"properties":{"id":"96527131_96528278_0","sensor_id":null,"level":null,"bidirectional":false,"name":"Ekmansgatan","highway":"residential","length_m":273.5,"dist_sensor_m":273.9,"confidence":0.549}},{"type":"Feature","geometry":{"type":"LineString","coordinates":[[11.9811809,57.6960764],[11.9812558,57.6961097]]},"properties":{"id":"96528278_1809420231_0","sensor_id":null,"level":null,"bidirectional":false,"name":"Skyttegatan","highway":"residential","length_m":5.8,"dist_sensor_m":360.0,"confidence":0.355}},{"type":"Feature","geometry":{"type":"LineString","coordinates":[[11.9811809,57.6960764],[11.9816844,57.6957211],[11.9818691,57.6955991],[11.9819039,57.6955639],[11.981908,57.6955448],[11.9818931,57.6955185],[11.9817966,57.6954596],[11.9817184,57.6954081],[11.9815126,57.6952932],[11.9813025,57.6951669],[11.9811582,57.695057],[11.9810779,57.6949735],[11.9808975,57.6947072]]},"properties":{"id":"96528278_309357177_0","sensor_id":null,"level":null,"bidirectional":false,"name":"Dicksonsgatan","highway":"residential","length_m":186.0,"dist_sensor_m":314.4,"confidence":0.453}},{"type":"Feature","geometry":{"type":"LineString","coordinates":[[11.9811809,57.6960764],[11.9809069,57.6959641],[11.9805627,57.6958268],[11.9805095,57.695816],[11.9804562,57.6958166],[11.9803945,57.695844],[11.9800584,57.6960748],[11.9800251,57.6960977],[11.9800098,57.696106],[11.9799875,57.6961168],[11.9799404,57.6961276],[11.9799081,57.6961309],[11.9798696,57.6961322],[11.9795928,57.6961222],[11.9792931,57.6961022],[11.9788229,57.6960558],[11.9786027,57.6960262],[11.9783918,57.6960048],[11.9782094,57.6959794],[11.9781172,57.6959733],[11.9780434,57.6959733],[11.9779723,57.6959806],[11.9778957,57.6959947],[11.9777847,57.6960194],[11.9777018,57.6960485],[11.9776249,57.6960874],[11.97755,57.6961349],[11.9774972,57.6961718],[11.9774348,57.696206],[11.9773637,57.6962284],[11.9773097,57.6962428],[11.9772254,57.6962637]]},"properties":{"id":"96528278_96527131_0","sensor_id":null,"level":null,"bidirectional":false,"name":"Ekmansgatan","highway":"residential","length_m":273.5,"dist_sensor_m":273.9,"confidence":0.549}},{"type":"Feature","geometry":{"type":"LineString","coordinates":[[11.9800618,57.6949855],[11.9800873,57.6949153],[11.9800893,57.6948736],[11.9800477,57.6947371],[11.9799674,57.6945147],[11.9799595,57.6944487],[11.9799704,57.6944029],[11.9799898,57.6943571],[11.9800325,57.6943038],[11.980098,57.6942489],[11.9802823,57.6941445],[11.9805271,57.6940184],[11.9805973,57.6939898],[11.9806216,57.6939799],[11.9808644,57.6939141],[11.9809747,57.6938924],[11.9812339,57.6938524],[11.9815246,57.6938257],[11.9817378,57.6938256],[11.9819564,57.6938346],[11.9820934,57.6938474],[11.9822315,57.6938693],[11.9824525,57.6939088],[11.9826425,57.6939676]]},"properties":{"id":"96528297_96524026_0","sensor_id":null,"level":null,"bidirectional":false,"name":"Lennart Torstenssonsgatan","highway":"residential","length_m":253.9,"dist_sensor_m":310.6,"confidence":0.462}},{"type":"Feature","geometry":{"type":"LineString","coordinates":[[11.9800618,57.6949855],[11.980004,57.6949807],[11.9798388,57.6949813]]},"properties":{"id":"96528297_96523780_0","sensor_id":null,"level":null,"bidirectional":false,"name":"Lennart Torstenssonsgatan","highway":"residential","length_m":13.3,"dist_sensor_m":238.1,"confidence":0.635}},{"type":"Feature","geometry":{"type":"LineString","coordinates":[[11.9697895,57.6932175],[11.9702267,57.692862],[11.9702775,57.6928207],[11.9704556,57.6926797]]},"properties":{"id":"105978418_96154389_0","sensor_id":null,"level":null,"bidirectional":false,"name":"Landalagatan","highway":"residential","length_m":71.7,"dist_sensor_m":258.1,"confidence":0.587}},{"type":"Feature","geometry":{"type":"LineString","coordinates":[[11.9697895,57.6932175],[11.9696785,57.6933035],[11.9693322,57.6935718],[11.9692189,57.6936],[11.9691401,57.6935936],[11.9686685,57.6933866],[11.9685544,57.6933499],[11.9684914,57.6933556],[11.9684538,57.6933703],[11.9682197,57.6936615],[11.9681574,57.693738],[11.9681071,57.693757],[11.9680555,57.6937552],[11.967915,57.6937487],[11.9672036,57.6937178],[11.9669164,57.6937053],[11.9667627,57.6936986]]},"properties":{"id":"105978418_96154397_0","sensor_id":null,"level":null,"bidirectional":false,"name":"Hantverkaregatan","highway":"residential","length_m":239.1,"dist_sensor_m":351.3,"confidence":0.372}},{"type":"Feature","geometry":{"type":"LineString","coordinates":[[11.9697895,57.6932175],[11.9699474,57.6932708],[11.9705372,57.693471],[11.9706358,57.6935007],[11.9707301,57.693525],[11.9707813,57.6935397],[11.9711139,57.6936337],[11.9711393,57.6936408]]},"properties":{"id":"105978418_105978923_0","sensor_id":null,"level":null,"bidirectional":false,"name":"Kapellplatsen","highway":"residential","length_m":93.1,"dist_sensor_m":223.2,"confidence":0.671}},{"type":"Feature","geometry":{"type":"LineString","coordinates":[[11.9711393,57.6936408],[11.9712386,57.6936473],[11.9713105,57.6936448],[11.971397,57.6936297],[11.9715647,57.6935902],[11.9717207,57.69355]]},"properties":{"id":"105978923_105978925_0","sensor_id":null,"level":null,"bidirectional":false,"name":"Kapellplatsen","highway":"residential","length_m":36.8,"dist_sensor_m":163.5,"confidence":0.807}},{"type":"Feature","geometry":{"type":"LineString","coordinates":[[11.9711393,57.6936408],[11.9711139,57.6936337],[11.9707813,57.6935397],[11.9707301,57.693525],[11.9706358,57.6935007],[11.9705372,57.693471],[11.9699474,57.6932708],[11.9697895,57.6932175]]},"properties":{"id":"105978923_105978418_0","sensor_id":null,"level":null,"bidirectional":false,"name":"Kapellplatsen","highway":"residential","length_m":93.1,"dist_sensor_m":223.2,"confidence":0.671}},{"type":"Feature","geometry":{"type":"LineString","coordinates":[[11.9711393,57.6936408],[11.9711445,57.6937351],[11.971176,57.6943064],[11.9710824,57.6946504],[11.971014,57.6948482],[11.9709584,57.69498]]},"properties":{"id":"105978923_105979798_0","sensor_id":null,"level":null,"bidirectional":false,"name":"Erik Dahlbergsgatan","highway":"residential","length_m":150.1,"dist_sensor_m":192.3,"confidence":0.744}},{"type":"Feature","geometry":{"type":"LineString","coordinates":[[11.9717207,57.69355],[11.9717221,57.6935223],[11.9717369,57.6934922],[11.9717794,57.6934382],[11.9718415,57.6933724],[11.9719051,57.6933072],[11.9719907,57.693231]]},"properties":{"id":"105978925_96154388_0","sensor_id":null,"level":null,"bidirectional":false,"name":"Kapellplatsen","highway":"residential","length_m":39.3,"dist_sensor_m":144.4,"confidence":0.846}},{"type":"Feature","geometry":{"type":"LineString","coordinates":[[11.9717207,57.69355],[11.9715647,57.6935902],[11.971397,57.6936297],[11.9713105,57.6936448],[11.9712386,57.6936473],[11.9711393,57.6936408]]},"properties":{"id":"105978925_105978923_0","sensor_id":null,"level":null,"bidirectional":false,"name":"Kapellplatsen","highway":"residential","length_m":36.8,"dist_sensor_m":163.5,"confidence":0.807}},{"type":"Feature","geometry":{"type":"LineString","coordinates":[[11.9726823,57.6941512],[11.9725429,57.6941272],[11.9724805,57.6941157],[11.9724436,57.6941064],[11.9724027,57.6940921],[11.9723588,57.6940642],[11.9722524,57.6939965],[11.9721895,57.6939523],[11.9718535,57.6937018],[11.9717461,57.6936134],[11.9717275,57.6935842],[11.9717207,57.69355]]},"properties":{"id":"105979278_105978925_0","sensor_id":null,"level":null,"bidirectional":false,"name":"Kapellgatan","highway":"residential","length_m":91.3,"dist_sensor_m":115.9,"confidence":0.898}},{"type":"Feature","geometry":{"type":"LineString","coordinates":[[11.9726823,57.6941512],[11.9728884,57.6937276],[11.9729119,57.6936803],[11.9730049,57.6935287]]},"properties":{"id":"105979278_26193194_0","sensor_id":null,"level":null,"bidirectional":false,"name":"Aschebergsgatan","highway":"tertiary","length_m":71.9,"dist_sensor_m":77.7,"confidence":0.953}},{"type":"Feature","geometry":{"type":"LineString","coordinates":[[11.9709584,57.69498],[11.971014,57.6948482],[11.9710824,57.6946504],[11.971176,57.6943064],[11.9711445,57.6937351],[11.9711393,57.6936408]]},"properties":{"id":"105979798_105978923_0","sensor_id":null,"level":null,"bidirectional":false,"name":"Erik Dahlbergsgatan","highway":"residential","length_m":150.1,"dist_sensor_m":192.3,"confidence":0.744}},{"type":"Feature","geometry":{"type":"LineString","coordinates":[[11.974151,57.6943053],[11.9740805,57.6943877],[11.9736062,57.6949427]]},"properties":{"id":"105980058_105980631_0","sensor_id":null,"level":null,"bidirectional":false,"name":"Molinsgatan","highway":"residential","length_m":77.9,"dist_sensor_m":91.2,"confidence":0.936}},{"type":"Feature","geometry":{"type":"LineString","coordinates":[[11.9727716,57.6943842],[11.9728602,57.6944474],[11.9733224,57.694785]]},"properties":{"id":"105980153_3396224374_0","sensor_id":null,"level":null,"bidirectional":false,"name":"Kapellgatan","highway":"residential","length_m":55.3,"dist_sensor_m":107.6,"confidence":0.912}},{"type":"Feature","geometry":{"type":"LineString","coordinates":[[11.9727716,57.6943842],[11.972714,57.694449],[11.9726394,57.6945298],[11.9726163,57.6945683],[11.9725244,57.6947215],[11.9723868,57.6949242],[11.9721458,57.6952175],[11.9712142,57.6963452],[11.971203,57.6963869],[11.9711459,57.6964559],[11.9709388,57.6967243],[11.9708242,57.6968729],[11.9707858,57.6969312],[11.9707302,57.6970155],[11.9706973,57.6970654],[11.9706489,57.6971126],[11.9705375,57.6972212]]},"properties":{"id":"105980153_312999719_0","sensor_id":null,"level":null,"bidirectional":false,"name":"Aschebergsgatan","highway":"tertiary","length_m":342.7,"dist_sensor_m":266.0,"confidence":0.568}},{"type":"Feature","geometry":{"type":"LineString","coordinates":[[11.9736062,57.6949427],[11.9734734,57.6948895],[11.9733224,57.694785]]},"properties":{"id":"105980631_3396224374_0","sensor_id":null,"level":null,"bidirectional":false,"name":"Kapellgatan","highway":"residential","length_m":24.5,"dist_sensor_m":123.3,"confidence":0.885}},{"type":"Feature","geometry":{"type":"LineString","coordinates":[[11.9736062,57.6949427],[11.9740805,57.6943877],[11.974151,57.6943053]]},"properties":{"id":"105980631_105980058_0","sensor_id":null,"level":null,"bidirectional":false,"name":"Molinsgatan","highway":"residential","length_m":77.9,"dist_sensor_m":91.2,"confidence":0.936}},{"type":"Feature","geometry":{"type":"LineString","coordinates":[[11.9736062,57.6949427],[11.9735396,57.6950132],[11.9732408,57.6953424],[11.9732121,57.695374],[11.9726826,57.6959534],[11.9724544,57.6962067],[11.972318,57.6963989],[11.972274,57.6964608]]},"properties":{"id":"105980631_30470414_0","sensor_id":null,"level":null,"bidirectional":false,"name":"Molinsgatan","highway":"residential","length_m":186.6,"dist_sensor_m":221.6,"confidence":0.675}},{"type":"Feature","geometry":{"type":"LineString","coordinates":[[11.9792275,57.6972875],[11.9794281,57.6973776]]},"properties":{"id":"135705883_25581714_0","sensor_id":null,"level":null,"bidirectional":false,"name":"Viktor Rydbergsgatan","highway":"tertiary","length_m":15.6,"dist_sensor_m":383.8,"confidence":0.308}},{"type":"Feature","geometry":{"type":"LineString","coordinates":[[11.9786465,57.6977515],[11.9789084,57.6975696],[11.9790855,57.697448],[11.9791459,57.6974057],[11.9791775,57.6973851],[11.9792078,57.6973634]]},"properties":{"id":"135706037_2395027723_0","sensor_id":null,"level":null,"bidirectional":false,"name":"Kungsportsavenyen","highway":"residential","length_m":54.5,"dist_sensor_m":395.1,"confidence":0.287}},{"type":"Feature","geometry":{"type":"LineString","coordinates":[[11.9786465,57.6977515],[11.9784765,57.6976803],[11.977889,57.6974314],[11.9777257,57.6973989],[11.9768754,57.6973638],[11.9766749,57.6973537]]},"properties":{"id":"135706037_25734039_0","sensor_id":null,"level":null,"bidirectional":false,"name":"Geijersgatan","highway":"residential","length_m":130.4,"dist_sensor_m":369.3,"confidence":0.336}},{"type":"Feature","geometry":{"type":"LineString","coordinates":[[11.9811751,57.6927253],[11.9808694,57.6925953]]},"properties":{"id":"135734346_135734771_0","sensor_id":null,"level":null,"bidirectional":false,"name":"Vidblicksgatan","highway":"residential","length_m":23.2,"dist_sensor_m":338.6,"confidence":0.4}},{"type":"Feature","geometry":{"type":"LineString","coordinates":[[11.9811751,57.6927253],[11.9811439,57.6927493],[11.9808204,57.6929857],[11.9806313,57.693122],[11.9805316,57.6931758],[11.9802072,57.6933172],[11.9799485,57.6934306],[11.9794915,57.6935795],[11.9793849,57.6936133]]},"properties":{"id":"135734346_96523439_0","sensor_id":null,"level":null,"bidirectional":false,"name":"Pontus Wiknersgatan","highway":"residential","length_m":147.0,"dist_sensor_m":275.1,"confidence":0.546}},{"type":"Feature","geometry":{"type":"LineString","coordinates":[[11.9820219,57.691649],[11.9820156,57.6916715],[11.9819983,57.6916921],[11.9819131,57.6917622],[11.9818477,57.691816],[11.9808694,57.6925953]]},"properties":{"id":"135734770_135734771_0","sensor_id":null,"level":null,"bidirectional":false,"name":"Lagerbringsgatan","highway":"residential","length_m":125.8,"dist_sensor_m":390.6,"confidence":0.295}},{"type":"Feature","geometry":{"type":"LineString","coordinates":[[11.9808694,57.6925953],[11.9811751,57.6927253]]},"properties":{"id":"135734771_135734346_0","sensor_id":null,"level":null,"bidirectional":false,"name":"Vidblicksgatan","highway":"residential","length_m":23.2,"dist_sensor_m":338.6,"confidence":0.4}},{"type":"Feature","geometry":{"type":"LineString","coordinates":[[11.9808694,57.6925953],[11.9799892,57.6922883]]},"properties":{"id":"135734771_972443175_0","sensor_id":null,"level":null,"bidirectional":false,"name":"Vidblicksgatan","highway":"residential","length_m":62.5,"dist_sensor_m":320.6,"confidence":0.439}},{"type":"Feature","geometry":{"type":"LineString","coordinates":[[11.9808694,57.6925953],[11.9818477,57.691816],[11.9819131,57.6917622],[11.9819983,57.6916921],[11.9820156,57.6916715],[11.9820219,57.691649]]},"properties":{"id":"135734771_135734770_0","sensor_id":null,"level":null,"bidirectional":false,"name":"Lagerbringsgatan","highway":"residential","length_m":125.8,"dist_sensor_m":390.6,"confidence":0.295}},{"type":"Feature","geometry":{"type":"LineString","coordinates":[[11.9804976,57.6917375],[11.9806234,57.69178]]},"properties":{"id":"135735113_972443198_0","sensor_id":null,"level":null,"bidirectional":false,"name":"Walleriusgatan","highway":"residential","length_m":8.8,"dist_sensor_m":374.2,"confidence":0.326}},{"type":"Feature","geometry":{"type":"LineString","coordinates":[[11.9748236,57.6954314],[11.9748666,57.6953795],[11.9749119,57.6953324],[11.9757189,57.6943942],[11.9757655,57.6943401],[11.9758214,57.6942684]]},"properties":{"id":"165154328_26355153_0","sensor_id":null,"level":null,"bidirectional":false,"name":"R\u00f6hssgatan","highway":"residential","length_m":142.3,"dist_sensor_m":75.0,"confidence":0.956}},{"type":"Feature","geometry":{"type":"LineString","coordinates":[[11.9746255,57.6907152],[11.975201,57.6907755],[11.975275,57.6907897],[11.9753446,57.6908047],[11.9757513,57.6908913],[11.9758622,57.6909465]]},"properties":{"id":"292889018_292889283_0","sensor_id":null,"level":null,"bidirectional":false,"name":"Fysikgr\u00e4nd","highway":"living_street","length_m":79.0,"dist_sensor_m":338.3,"confidence":0.4}},{"type":"Feature","geometry":{"type":"LineString","coordinates":[[11.9759508,57.691386],[11.9759235,57.691497]]},"properties":{"id":"292889277_1297906815_0","sensor_id":null,"level":null,"bidirectional":false,"name":"Kemiv\u00e4gen","highway":"living_street","length_m":12.4,"dist_sensor_m":284.7,"confidence":0.523}},{"type":"Feature","geometry":{"type":"LineString","coordinates":[[11.9759508,57.691386],[11.9758628,57.6913433],[11.9758048,57.6912836],[11.9757071,57.691183],[11.9756485,57.6911227],[11.9756594,57.6910687],[11.9758622,57.6909465]]},"properties":{"id":"292889277_292889283_0","sensor_id":null,"level":null,"bidirectional":false,"name":"Kemiv\u00e4gen","highway":"living_street","length_m":58.9,"dist_sensor_m":312.7,"confidence":0.457}},{"type":"Feature","geometry":{"type":"LineString","coordinates":[[11.9759508,57.691386],[11.9761367,57.6913714],[11.976343,57.6913416],[11.9764479,57.6913265],[11.9767463,57.6913808],[11.9768416,57.6913792],[11.9771202,57.6913745],[11.977409,57.6913854],[11.9775597,57.6913988],[11.9776675,57.6914237],[11.9781852,57.6915601],[11.9783686,57.6916174]]},"properties":{"id":"292889277_292889341_0","sensor_id":null,"level":null,"bidirectional":false,"name":"Kemiv\u00e4gen","highway":"living_street","length_m":151.5,"dist_sensor_m":292.9,"confidence":0.504}},{"type":"Feature","geometry":{"type":"LineString","coordinates":[[11.9758622,57.6909465],[11.9756594,57.6910687],[11.9756485,57.6911227],[11.9757071,57.691183],[11.9758048,57.6912836],[11.9758628,57.6913433],[11.9759508,57.691386]]},"properties":{"id":"292889283_292889277_0","sensor_id":null,"level":null,"bidirectional":false,"name":"Kemiv\u00e4gen","highway":"living_street","length_m":58.9,"dist_sensor_m":312.7,"confidence":0.457}},{"type":"Feature","geometry":{"type":"LineString","coordinates":[[11.9758622,57.6909465],[11.9757513,57.6908913],[11.9753446,57.6908047],[11.975275,57.6907897],[11.975201,57.6907755],[11.9746255,57.6907152]]},"properties":{"id":"292889283_292889018_0","sensor_id":null,"level":null,"bidirectional":false,"name":"Fysikgr\u00e4nd","highway":"living_street","length_m":79.0,"dist_sensor_m":338.3,"confidence":0.4}},{"type":"Feature","geometry":{"type":"LineString","coordinates":[[11.9783686,57.6916174],[11.9782888,57.6916831],[11.9782127,57.6917533]]},"properties":{"id":"292889341_96523105_0","sensor_id":null,"level":null,"bidirectional":false,"name":"Gibraltargatan","highway":"tertiary","length_m":17.7,"dist_sensor_m":297.8,"confidence":0.492}},{"type":"Feature","geometry":{"type":"LineString","coordinates":[[11.9783686,57.6916174],[11.9781852,57.6915601],[11.9776675,57.6914237],[11.9775597,57.6913988],[11.977409,57.6913854],[11.9771202,57.6913745],[11.9768416,57.6913792],[11.9767463,57.6913808],[11.9764479,57.6913265],[11.976343,57.6913416],[11.9761367,57.6913714],[11.9759508,57.691386]]},"properties":{"id":"292889341_292889277_0","sensor_id":null,"level":null,"bidirectional":false,"name":"Kemiv\u00e4gen","highway":"living_street","length_m":151.5,"dist_sensor_m":292.9,"confidence":0.504}},{"type":"Feature","geometry":{"type":"LineString","coordinates":[[11.9783357,57.6938414],[11.9776103,57.6943629]]},"properties":{"id":"305677012_973134704_0","sensor_id":null,"level":null,"bidirectional":false,"name":"Teknologgatan","highway":"residential","length_m":72.3,"dist_sensor_m":112.3,"confidence":0.904}},{"type":"Feature","geometry":{"type":"LineString","coordinates":[[11.9783357,57.6938414],[11.9784926,57.693875]]},"properties":{"id":"305677012_96523570_0","sensor_id":null,"level":null,"bidirectional":false,"name":"Pontus Wiknersgatan","highway":"residential","length_m":10.0,"dist_sensor_m":145.5,"confidence":0.844}},{"type":"Feature","geometry":{"type":"LineString","coordinates":[[11.9783357,57.6938414],[11.9782491,57.6937682],[11.9782438,57.693666]]},"properties":{"id":"305677012_96523394_0","sensor_id":null,"level":null,"bidirectional":false,"name":"Pontus Wiknersgatan","highway":"residential","length_m":21.0,"dist_sensor_m":142.5,"confidence":0.85}},{"type":"Feature","geometry":{"type":"LineString","coordinates":[[11.9775418,57.6944136],[11.9776103,57.6943629]]},"properties":{"id":"305677016_973134704_0","sensor_id":null,"level":null,"bidirectional":false,"name":"Teknologgatan","highway":"residential","length_m":7.0,"dist_sensor_m":86.0,"confidence":0.943}},{"type":"Feature","geometry":{"type":"LineString","coordinates":[[11.9775418,57.6944136],[11.9773754,57.6943751],[11.9772651,57.6943622],[11.9771497,57.6943561],[11.9770064,57.6943707],[11.9769464,57.6943844],[11.9768757,57.6944094],[11.9768163,57.6944404],[11.9767327,57.6945077],[11.9767174,57.6945201],[11.9766819,57.6945491]]},"properties":{"id":"305677016_26842525_0","sensor_id":null,"level":null,"bidirectional":false,"name":"Teknologgatan","highway":"residential","length_m":61.4,"dist_sensor_m":60.5,"confidence":0.971}},{"type":"Feature","geometry":{"type":"LineString","coordinates":[[11.9818559,57.6947629],[11.9818874,57.6948068],[11.9819032,57.6948541],[11.9819284,57.694905],[11.981962,57.6949646],[11.9819971,57.6950016],[11.9820284,57.6950238],[11.9820425,57.6950322],[11.9820585,57.6950416],[11.982262,57.6951458],[11.9823685,57.6952042],[11.9825253,57.6953149],[11.9826724,57.6954561],[11.9827673,57.6955472],[11.9829571,57.6957407],[11.9830806,57.6958652],[11.9832519,57.6960401]]},"properties":{"id":"305677026_30453565_0","sensor_id":null,"level":null,"bidirectional":false,"name":"Olof Wijksgatan","highway":"residential","length_m":166.4,"dist_sensor_m":394.3,"confidence":0.288}},{"type":"Feature","geometry":{"type":"LineString","coordinates":[[11.9818559,57.6947629],[11.9816329,57.6946517],[11.9815914,57.6946357],[11.9815666,57.6946301],[11.9815328,57.6946289]]},"properties":{"id":"305677026_309357184_0","sensor_id":null,"level":null,"bidirectional":false,"name":"Olof Wijksgatan","highway":"residential","length_m":24.8,"dist_sensor_m":332.9,"confidence":0.412}},{"type":"Feature","geometry":{"type":"LineString","coordinates":[[11.9818559,57.6947629],[11.9819673,57.6947049],[11.9820066,57.694674],[11.9820039,57.6946521],[11.9819952,57.6946283],[11.9818849,57.6945617],[11.9817462,57.694501],[11.981699,57.694495],[11.9816548,57.6944935],[11.9816018,57.6945046],[11.9815678,57.6945245],[11.9815439,57.6945487],[11.9815371,57.6945944],[11.9815328,57.6946289]]},"properties":{"id":"305677026_309357184_1","sensor_id":null,"level":null,"bidirectional":false,"name":"Olof Wijksgatan","highway":"residential","length_m":63.0,"dist_sensor_m":332.9,"confidence":0.412}},{"type":"Feature","geometry":{"type":"LineString","coordinates":[[11.9776088,57.6948394],[11.9777825,57.6948946],[11.977922,57.6949497],[11.9780206,57.6950029],[11.9783064,57.695179],[11.9784011,57.6952186],[11.978427,57.6952294],[11.9786007,57.6952856],[11.978756,57.6953234],[11.9789034,57.6953473],[11.9790394,57.6953583],[11.9791666,57.6953595],[11.979282,57.6953498],[11.9793782,57.6953357],[11.9794318,57.6953256],[11.9795099,57.6953043],[11.9795571,57.6952863],[11.9796181,57.695256],[11.9797164,57.6951961],[11.9797835,57.6951442],[11.9798086,57.695113]]},"properties":{"id":"305677058_60356343_0","sensor_id":null,"level":null,"bidirectional":false,"name":"Viktor Rydbergsgatan","highway":"residential","length_m":162.3,"dist_sensor_m":168.9,"confidence":0.796}},{"type":"Feature","geometry":{"type":"LineString","coordinates":[[11.9776088,57.6948394],[11.9776806,57.6947658],[11.9777245,57.694714],[11.9777485,57.6946368],[11.97774,57.6945934],[11.9777156,57.6945541],[11.9776741,57.6944934],[11.9776131,57.6944531],[11.9775418,57.6944136]]},"properties":{"id":"305677058_305677016_0","sensor_id":null,"level":null,"bidirectional":false,"name":"Teknologgatan","highway":"residential","length_m":52.8,"dist_sensor_m":91.7,"confidence":0.935}},{"type":"Feature","geometry":{"type":"LineString","coordinates":[[11.9776088,57.6948394],[11.9773797,57.6948107],[11.9771021,57.6947923],[11.977051,57.6947893],[11.9769792,57.6947852],[11.9768605,57.6947867]]},"properties":{"id":"305677058_26842526_0","sensor_id":null,"level":null,"bidirectional":false,"name":"Viktor Rydbergsgatan","highway":"residential","length_m":45.0,"dist_sensor_m":84.5,"confidence":0.945}},{"type":"Feature","geometry":{"type":"LineString","coordinates":[[11.9716547,57.6951169],[11.9719164,57.6951772],[11.9719862,57.6951949]]},"properties":{"id":"307862070_312999718_0","sensor_id":null,"level":null,"bidirectional":false,"name":"Erik Dahlbergstrappan","highway":"residential","length_m":21.5,"dist_sensor_m":203.3,"confidence":0.718}},{"type":"Feature","geometry":{"type":"LineString","coordinates":[[11.9704208,57.6909715],[11.9707027,57.6907558],[11.9707255,57.6907416],[11.9707487,57.6907309],[11.9707775,57.6907207],[11.9708158,57.6907103],[11.9709466,57.6906746],[11.9710104,57.6906969],[11.9712852,57.6907931],[11.9716617,57.6909249],[11.9720634,57.6910885],[11.9723083,57.6911589]]},"properties":{"id":"307866687_96155589_0","sensor_id":null,"level":null,"bidirectional":false,"name":"Holtermansgatan","highway":"residential","length_m":143.8,"dist_sensor_m":347.9,"confidence":0.38}},{"type":"Feature","geometry":{"type":"LineString","coordinates":[[11.9808975,57.6947072],[11.9815328,57.6946289]]},"properties":{"id":"309357177_309357184_0","sensor_id":null,"level":null,"bidirectional":false,"name":"Olof Wijksgatan","highway":"residential","length_m":38.7,"dist_sensor_m":304.3,"confidence":0.477}},{"type":"Feature","geometry":{"type":"LineString","coordinates":[[11.9808975,57.6947072],[11.9810779,57.6949735],[11.9811582,57.695057],[11.9813025,57.6951669],[11.9815126,57.6952932],[11.9817184,57.6954081],[11.9817966,57.6954596],[11.9818931,57.6955185],[11.981908,57.6955448],[11.9819039,57.6955639],[11.9818691,57.6955991],[11.9816844,57.6957211],[11.9811809,57.6960764]]},"properties":{"id":"309357177_96528278_0","sensor_id":null,"level":null,"bidirectional":false,"name":"Lyckans V\u00e4g","highway":"residential","length_m":186.0,"dist_sensor_m":314.4,"confidence":0.453}},{"type":"Feature","geometry":{"type":"LineString","coordinates":[[11.9808975,57.6947072],[11.9807954,57.694621],[11.9806959,57.6945371],[11.9806487,57.6944965],[11.9806327,57.6944859],[11.980612,57.6944765],[11.9805849,57.6944706],[11.9805662,57.6944682],[11.9805446,57.6944665],[11.9805175,57.6944675],[11.980493,57.6944699],[11.9804685,57.6944741],[11.9804286,57.6944938],[11.9804039,57.6945243],[11.9803956,57.6945579],[11.9803955,57.6945836],[11.9805068,57.6948252],[11.9805351,57.6948768],[11.980545,57.6949156],[11.980545,57.6949324],[11.9805383,57.6949388],[11.9805212,57.6949545],[11.9804961,57.6949699],[11.9804628,57.6949894],[11.9804293,57.6950033],[11.9803981,57.6950132],[11.9803691,57.6950184],[11.9803407,57.6950211],[11.9803105,57.6950213],[11.9802834,57.6950198],[11.9802502,57.6950175],[11.9802107,57.6950122],[11.9801017,57.6949953],[11.9800618,57.6949855]]},"properties":{"id":"309357177_96528297_0","sensor_id":null,"level":null,"bidirectional":false,"name":"Lyckans V\u00e4g","highway":"residential","length_m":126.5,"dist_sensor_m":264.5,"confidence":0.571}},{"type":"Feature","geometry":{"type":"LineString","coordinates":[[11.9815328,57.6946289],[11.9808975,57.6947072]]},"properties":{"id":"309357184_309357177_0","sensor_id":null,"level":null,"bidirectional":false,"name":"Olof Wijksgatan","highway":"residential","length_m":38.7,"dist_sensor_m":304.3,"confidence":0.477}},{"type":"Feature","geometry":{"type":"LineString","coordinates":[[11.9815328,57.6946289],[11.9815666,57.6946301],[11.9815914,57.6946357],[11.9816329,57.6946517],[11.9818559,57.6947629]]},"properties":{"id":"309357184_305677026_0","sensor_id":null,"level":null,"bidirectional":false,"name":"Olof Wijksgatan","highway":"residential","length_m":24.8,"dist_sensor_m":332.9,"confidence":0.412}},{"type":"Feature","geometry":{"type":"LineString","coordinates":[[11.9815328,57.6946289],[11.9815371,57.6945944],[11.9815439,57.6945487],[11.9815678,57.6945245],[11.9816018,57.6945046],[11.9816548,57.6944935],[11.981699,57.694495],[11.9817462,57.694501],[11.9818849,57.6945617],[11.9819952,57.6946283],[11.9820039,57.6946521],[11.9820066,57.694674],[11.9819673,57.6947049],[11.9818559,57.6947629]]},"properties":{"id":"309357184_305677026_1","sensor_id":null,"level":null,"bidirectional":false,"name":"Olof Wijksgatan","highway":"residential","length_m":63.0,"dist_sensor_m":332.9,"confidence":0.412}},{"type":"Feature","geometry":{"type":"LineString","coordinates":[[11.980508,57.6953546],[11.9800931,57.6951891],[11.9799743,57.6951479],[11.9798086,57.695113]]},"properties":{"id":"309366848_60356343_0","sensor_id":null,"level":null,"bidirectional":false,"name":"H\u00f6g\u00e5splatsen","highway":"residential","length_m":49.8,"dist_sensor_m":259.3,"confidence":0.584}},{"type":"Feature","geometry":{"type":"LineString","coordinates":[[11.980508,57.6953546],[11.9805532,57.6953421],[11.9806025,57.695346],[11.9809172,57.6954755],[11.9809418,57.6954911],[11.9809473,57.6955163],[11.9809232,57.695534],[11.9808871,57.695541],[11.9808404,57.6955356],[11.9807855,57.695513],[11.9805223,57.695406],[11.9805004,57.6953828],[11.980508,57.6953546]]},"properties":{"id":"309366848_309366848_0","sensor_id":null,"level":null,"bidirectional":false,"name":"H\u00f6g\u00e5splatsen","highway":"residential","length_m":72.1,"dist_sensor_m":283.7,"confidence":0.525}},{"type":"Feature","geometry":{"type":"LineString","coordinates":[[11.9703636,57.6972003],[11.9704097,57.6971239],[11.9704662,57.6970304],[11.9706262,57.6968039],[11.9708354,57.6965627],[11.9708707,57.6964915]]},"properties":{"id":"312999716_312999717_0","sensor_id":null,"level":null,"bidirectional":false,"name":"Aschebergsgatan","highway":"tertiary","length_m":84.5,"dist_sensor_m":396.9,"confidence":0.284}},{"type":"Feature","geometry":{"type":"LineString","coordinates":[[11.9708707,57.6964915],[11.9709354,57.6964038],[11.9709952,57.6963434],[11.971075,57.6962822],[11.9712439,57.696098],[11.9719862,57.6951949]]},"properties":{"id":"312999717_312999718_0","sensor_id":null,"level":null,"bidirectional":false,"name":"Aschebergsgatan","highway":"tertiary","length_m":158.9,"dist_sensor_m":277.3,"confidence":0.54}},{"type":"Feature","geometry":{"type":"LineString","coordinates":[[11.9719862,57.6951949],[11.9719164,57.6951772],[11.9716547,57.6951169]]},"properties":{"id":"312999718_307862070_0","sensor_id":null,"level":null,"bidirectional":false,"name":"Erik Dahlbergstrappan","highway":"residential","length_m":21.5,"dist_sensor_m":203.3,"confidence":0.718}},{"type":"Feature","geometry":{"type":"LineString","coordinates":[[11.9719862,57.6951949],[11.97219,57.694956],[11.9722628,57.6948692],[11.9724983,57.6944998],[11.9725788,57.6943685],[11.9726582,57.6941953],[11.9726823,57.6941512]]},"properties":{"id":"312999718_105979278_0","sensor_id":null,"level":null,"bidirectional":false,"name":"Aschebergsgatan","highway":"tertiary","length_m":123.5,"dist_sensor_m":143.9,"confidence":0.847}},{"type":"Feature","geometry":{"type":"LineString","coordinates":[[11.9876009,57.6970909],[11.9875119,57.6971189],[11.9874596,57.6971361],[11.9873342,57.697184],[11.9871843,57.6972535],[11.9871079,57.6973057],[11.9870341,57.6973598],[11.9870158,57.6973765],[11.9868819,57.6975239],[11.9868395,57.6976076],[11.9867875,57.6977302],[11.9865775,57.6986072],[11.9865064,57.6988846],[11.986484,57.6989632],[11.9864716,57.6990067],[11.9863923,57.6992853],[11.9863797,57.6993296],[11.9863719,57.699358],[11.9863335,57.6994755]]},"properties":{"id":"559960490_1305379743_0","sensor_id":null,"level":null,"bidirectional":false,"name":"\u00d6rgrytev\u00e4gen","highway":"secondary","length_m":285.5,"dist_sensor_m":22.7,"confidence":0.996}},{"type":"Feature","geometry":{"type":"LineString","coordinates":[[11.9759959,57.6915825],[11.9759235,57.691497]]},"properties":{"id":"576717220_1297906815_0","sensor_id":null,"level":null,"bidirectional":false,"name":"Kemiv\u00e4gen","highway":"living_street","length_m":10.4,"dist_sensor_m":275.1,"confidence":0.546}},{"type":"Feature","geometry":{"type":"LineString","coordinates":[[11.9759959,57.6915825],[11.9760386,57.6915757],[11.9761644,57.6915729],[11.9762353,57.6915827],[11.9762651,57.6915944],[11.9762762,57.6915987],[11.9763036,57.6916204],[11.9763218,57.691641],[11.9763302,57.6916714],[11.9763172,57.6917051],[11.976282,57.6917376],[11.9762447,57.6917588],[11.9762098,57.6917701],[11.9761323,57.6917773],[11.9760761,57.6917759],[11.9759912,57.6917591],[11.9759268,57.6917331],[11.9759001,57.6917106],[11.9758923,57.6916986]]},"properties":{"id":"576717220_576717231_0","sensor_id":null,"level":null,"bidirectional":false,"name":"Kemiv\u00e4gen","highway":"living_street","length_m":62.6,"dist_sensor_m":264.5,"confidence":0.571}},{"type":"Feature","geometry":{"type":"LineString","coordinates":[[11.9759959,57.6915825],[11.97594,57.6916123],[11.9759132,57.6916428],[11.9758957,57.6916647],[11.9758906,57.6916838],[11.9758923,57.6916986]]},"properties":{"id":"576717220_576717231_1","sensor_id":null,"level":null,"bidirectional":false,"name":"Kemiv\u00e4gen","highway":"living_street","length_m":14.9,"dist_sensor_m":264.5,"confidence":0.571}},{"type":"Feature","geometry":{"type":"LineString","coordinates":[[11.9758923,57.6916986],[11.9757884,57.6917001],[11.9756125,57.6916925],[11.9755816,57.6916919],[11.9754983,57.6916707],[11.9754399,57.6916441],[11.9756093,57.6915781],[11.9757717,57.6915259],[11.9759235,57.691497]]},"properties":{"id":"576717231_1297906815_0","sensor_id":null,"level":null,"bidirectional":false,"name":"Kemiv\u00e4gen","highway":"living_street","length_m":61.8,"dist_sensor_m":268.0,"confidence":0.563}},{"type":"Feature","geometry":{"type":"LineString","coordinates":[[11.9758923,57.6916986],[11.9758906,57.6916838],[11.9758957,57.6916647],[11.9759132,57.6916428],[11.97594,57.6916123],[11.9759959,57.6915825]]},"properties":{"id":"576717231_576717220_0","sensor_id":null,"level":null,"bidirectional":false,"name":"Kemiv\u00e4gen","highway":"living_street","length_m":14.9,"dist_sensor_m":264.5,"confidence":0.571}},{"type":"Feature","geometry":{"type":"LineString","coordinates":[[11.9758923,57.6916986],[11.9759001,57.6917106],[11.9759268,57.6917331],[11.9759912,57.6917591],[11.9760761,57.6917759],[11.9761323,57.6917773],[11.9762098,57.6917701],[11.9762447,57.6917588],[11.976282,57.6917376],[11.9763172,57.6917051],[11.9763302,57.6916714],[11.9763218,57.691641],[11.9763036,57.6916204],[11.9762762,57.6915987],[11.9762651,57.6915944],[11.9762353,57.6915827],[11.9761644,57.6915729],[11.9760386,57.6915757],[11.9759959,57.6915825]]},"properties":{"id":"576717231_576717220_1","sensor_id":null,"level":null,"bidirectional":false,"name":"Kemiv\u00e4gen","highway":"living_street","length_m":62.6,"dist_sensor_m":264.5,"confidence":0.571}},{"type":"Feature","geometry":{"type":"LineString","coordinates":[[11.9795501,57.6925675],[11.9795671,57.6924923],[11.979701,57.6923751],[11.979766,57.6923181],[11.9798531,57.6922374]]},"properties":{"id":"972443159_96523244_0","sensor_id":null,"level":null,"bidirectional":false,"name":"Viktor Rydbergsgatan","highway":"residential","length_m":41.5,"dist_sensor_m":288.6,"confidence":0.514}},{"type":"Feature","geometry":{"type":"LineString","coordinates":[[11.9795501,57.6925675],[11.97945,57.6926602],[11.979378,57.6927667],[11.9793301,57.6928534],[11.9792899,57.6929679],[11.9792798,57.6930469],[11.9792798,57.693188],[11.9793849,57.6936133]]},"properties":{"id":"972443159_96523439_0","sensor_id":null,"level":null,"bidirectional":false,"name":"Viktor Rydbergsgatan","highway":"residential","length_m":119.7,"dist_sensor_m":234.5,"confidence":0.644}},{"type":"Feature","geometry":{"type":"LineString","coordinates":[[11.9799892,57.6922883],[11.9808694,57.6925953]]},"properties":{"id":"972443175_135734771_0","sensor_id":null,"level":null,"bidirectional":false,"name":"Vidblicksgatan","highway":"residential","length_m":62.5,"dist_sensor_m":320.6,"confidence":0.439}},{"type":"Feature","geometry":{"type":"LineString","coordinates":[[11.9799892,57.6922883],[11.9798531,57.6922374]]},"properties":{"id":"972443175_96523244_0","sensor_id":null,"level":null,"bidirectional":false,"name":"Vidblicksgatan","highway":"residential","length_m":9.9,"dist_sensor_m":308.5,"confidence":0.467}},{"type":"Feature","geometry":{"type":"LineString","coordinates":[[11.9799892,57.6922883],[11.9798968,57.6923615],[11.9797297,57.6924972],[11.9796814,57.6925239],[11.9795501,57.6925675]]},"properties":{"id":"972443175_972443159_0","sensor_id":null,"level":null,"bidirectional":false,"name":"Viktor Rydbergsgatan","highway":"residential","length_m":41.2,"dist_sensor_m":289.9,"confidence":0.51}},{"type":"Feature","geometry":{"type":"LineString","coordinates":[[11.9806234,57.69178],[11.9804976,57.6917375]]},"properties":{"id":"972443198_135735113_0","sensor_id":null,"level":null,"bidirectional":false,"name":"Walleriusgatan","highway":"residential","length_m":8.8,"dist_sensor_m":374.2,"confidence":0.326}},{"type":"Feature","geometry":{"type":"LineString","coordinates":[[11.9806234,57.69178],[11.9805708,57.6918205],[11.9805169,57.691862],[11.9804868,57.6918874],[11.9801014,57.6921968],[11.9799892,57.6922883]]},"properties":{"id":"972443198_972443175_0","sensor_id":null,"level":null,"bidirectional":false,"name":"Viktor Rydbergsgatan","highway":"residential","length_m":67.9,"dist_sensor_m":342.5,"confidence":0.391}},{"type":"Feature","geometry":{"type":"LineString","coordinates":[[11.9783263,57.6948442],[11.9783835,57.6948686],[11.978793,57.6950217],[11.9794983,57.6944837],[11.9795376,57.6944614],[11.9796476,57.6944008]]},"properties":{"id":"973134702_973134717_0","sensor_id":null,"level":null,"bidirectional":false,"name":"Terrassgatan","highway":"residential","length_m":119.9,"dist_sensor_m":172.6,"confidence":0.788}},{"type":"Feature","geometry":{"type":"LineString","coordinates":[[11.9776103,57.6943629],[11.9775418,57.6944136]]},"properties":{"id":"973134704_305677016_0","sensor_id":null,"level":null,"bidirectional":false,"name":"Teknologgatan","highway":"residential","length_m":7.0,"dist_sensor_m":86.0,"confidence":0.943}},{"type":"Feature","geometry":{"type":"LineString","coordinates":[[11.9776103,57.6943629],[11.9783357,57.6938414]]},"properties":{"id":"973134704_305677012_0","sensor_id":null,"level":null,"bidirectional":false,"name":"Teknologgatan","highway":"residential","length_m":72.3,"dist_sensor_m":112.3,"confidence":0.904}},{"type":"Feature","geometry":{"type":"LineString","coordinates":[[11.9776103,57.6943629],[11.9775169,57.6943288],[11.9769706,57.6941292],[11.9767503,57.6942872],[11.9762705,57.694125]]},"properties":{"id":"973134704_1301362393_0","sensor_id":null,"level":null,"bidirectional":false,"name":"Terrassgatan","highway":"residential","length_m":101.7,"dist_sensor_m":49.0,"confidence":0.981}},{"type":"Feature","geometry":{"type":"LineString","coordinates":[[11.9776103,57.6943629],[11.9776559,57.6943793],[11.9782694,57.6945747],[11.9780612,57.6947517],[11.9781629,57.6948212]]},"properties":{"id":"973134704_973134707_0","sensor_id":null,"level":null,"bidirectional":false,"name":"Terrassgatan","highway":"residential","length_m":78.8,"dist_sensor_m":108.1,"confidence":0.911}},{"type":"Feature","geometry":{"type":"LineString","coordinates":[[11.9781629,57.6948212],[11.9780612,57.6947517],[11.9782694,57.6945747],[11.9776559,57.6943793],[11.9776103,57.6943629]]},"properties":{"id":"973134707_973134704_0","sensor_id":null,"level":null,"bidirectional":false,"name":"Terrassgatan","highway":"residential","length_m":78.8,"dist_sensor_m":108.1,"confidence":0.911}},{"type":"Feature","geometry":{"type":"LineString","coordinates":[[11.9796476,57.6944008],[11.9795376,57.6944614],[11.9794983,57.6944837],[11.978793,57.6950217],[11.9783835,57.6948686],[11.9783263,57.6948442]]},"properties":{"id":"973134717_973134702_0","sensor_id":null,"level":null,"bidirectional":false,"name":"Terrassgatan","highway":"residential","length_m":119.9,"dist_sensor_m":172.6,"confidence":0.788}},{"type":"Feature","geometry":{"type":"LineString","coordinates":[[11.9796476,57.6944008],[11.9794651,57.6938718],[11.9794053,57.6936798],[11.9793849,57.6936133]]},"properties":{"id":"973134717_96523439_0","sensor_id":null,"level":null,"bidirectional":false,"name":"Viktor Rydbergsgatan","highway":"residential","length_m":89.0,"dist_sensor_m":204.3,"confidence":0.716}},{"type":"Feature","geometry":{"type":"LineString","coordinates":[[11.9796476,57.6944008],[11.9797835,57.6948206],[11.9798112,57.6949096],[11.9798388,57.6949813]]},"properties":{"id":"973134717_96523780_0","sensor_id":null,"level":null,"bidirectional":false,"name":"Viktor Rydbergsgatan","highway":"residential","length_m":65.5,"dist_sensor_m":218.2,"confidence":0.683}},{"type":"Feature","geometry":{"type":"LineString","coordinates":[[11.9787546,57.6937965],[11.9784926,57.693875]]},"properties":{"id":"973134726_96523570_0","sensor_id":null,"level":null,"bidirectional":false,"name":"Pontus Wiknersgatan","highway":"residential","length_m":17.8,"dist_sensor_m":158.0,"confidence":0.819}},{"type":"Feature","geometry":{"type":"LineString","coordinates":[[11.9787546,57.6937965],[11.9783374,57.6936658],[11.9782438,57.693666]]},"properties":{"id":"973134726_96523394_0","sensor_id":null,"level":null,"bidirectional":false,"name":"Kjellbergsgatan","highway":"residential","length_m":34.3,"dist_sensor_m":155.2,"confidence":0.825}},{"type":"Feature","geometry":{"type":"LineString","coordinates":[[11.9860145,57.6949612],[11.9858657,57.6949892],[11.9858231,57.6950099],[11.9858006,57.6950491],[11.9858111,57.6950836],[11.9858491,57.6951108],[11.9859145,57.6951213],[11.9859758,57.6951111],[11.9860219,57.6950823],[11.9860291,57.6950356],[11.9860145,57.6949612]]},"properties":{"id":"982996377_982996377_0","sensor_id":null,"level":null,"bidirectional":false,"name":"Lundgrensgatan","highway":"residential","length_m":50.6,"dist_sensor_m":362.6,"confidence":0.349}},{"type":"Feature","geometry":{"type":"LineString","coordinates":[[11.9860145,57.6949612],[11.9860291,57.6950356],[11.9860219,57.6950823],[11.9859758,57.6951111],[11.9859145,57.6951213],[11.9858491,57.6951108],[11.9858111,57.6950836],[11.9858006,57.6950491],[11.9858231,57.6950099],[11.9858657,57.6949892],[11.9860145,57.6949612]]},"properties":{"id":"982996377_982996377_1","sensor_id":null,"level":null,"bidirectional":false,"name":"Lundgrensgatan","highway":"residential","length_m":50.6,"dist_sensor_m":362.6,"confidence":0.349}},{"type":"Feature","geometry":{"type":"LineString","coordinates":[[11.9832942,57.704296],[11.9831231,57.7042647],[11.9830015,57.704238],[11.9829025,57.7042148],[11.982811,57.7041905],[11.9827109,57.7041639],[11.982555,57.7041136],[11.9824056,57.7040575],[11.9821848,57.7039691],[11.9818105,57.7038178],[11.9813686,57.7036378]]},"properties":{"id":"983019640_60128119_0","sensor_id":null,"level":null,"bidirectional":false,"name":"Bohusgatan","highway":"unclassified","length_m":136.6,"dist_sensor_m":393.2,"confidence":0.29}},{"type":"Feature","geometry":{"type":"LineString","coordinates":[[11.9759235,57.691497],[11.9759959,57.6915825]]},"properties":{"id":"1297906815_576717220_0","sensor_id":null,"level":null,"bidirectional":false,"name":"Kemiv\u00e4gen","highway":"living_street","length_m":10.4,"dist_sensor_m":275.1,"confidence":0.546}},{"type":"Feature","geometry":{"type":"LineString","coordinates":[[11.9759235,57.691497],[11.9759508,57.691386]]},"properties":{"id":"1297906815_292889277_0","sensor_id":null,"level":null,"bidirectional":false,"name":"Kemiv\u00e4gen","highway":"living_street","length_m":12.4,"dist_sensor_m":284.7,"confidence":0.523}},{"type":"Feature","geometry":{"type":"LineString","coordinates":[[11.9759235,57.691497],[11.9757717,57.6915259],[11.9756093,57.6915781],[11.9754399,57.6916441],[11.9754983,57.6916707],[11.9755816,57.6916919],[11.9756125,57.6916925],[11.9757884,57.6917001],[11.9758923,57.6916986]]},"properties":{"id":"1297906815_576717231_0","sensor_id":null,"level":null,"bidirectional":false,"name":"Kemiv\u00e4gen","highway":"living_street","length_m":61.8,"dist_sensor_m":268.0,"confidence":0.563}},{"type":"Feature","geometry":{"type":"LineString","coordinates":[[11.9733261,57.6929316],[11.9733636,57.6929048],[11.97343,57.6927929],[11.9734877,57.6926793],[11.9735222,57.6926038],[11.9735494,57.6925747],[11.9735869,57.6925543],[11.9736285,57.6925381],[11.9736614,57.6925325],[11.9737214,57.6925369],[11.9738763,57.6925504]]},"properties":{"id":"1300365504_91615275_0","sensor_id":null,"level":null,"bidirectional":false,"name":"Aschebergsgatan","highway":"tertiary","length_m":63.3,"dist_sensor_m":124.0,"confidence":0.884}},{"type":"Feature","geometry":{"type":"LineString","coordinates":[[11.9733261,57.6929316],[11.9733227,57.6928983],[11.9733911,57.6927632],[11.9734588,57.6926414],[11.973485,57.6925962],[11.9736043,57.6924127],[11.9736624,57.6923048],[11.9736962,57.6922091],[11.9737083,57.6921415],[11.973711,57.6920902],[11.973698,57.6919373],[11.9736877,57.6918697],[11.973489,57.6905619],[11.9734756,57.6905093],[11.9734421,57.690448],[11.9734204,57.6904245],[11.9734018,57.6904043],[11.9733535,57.6903605],[11.9733279,57.6903425],[11.9732907,57.6903163],[11.9732141,57.6902828]]},"properties":{"id":"1300365504_318486259_0","sensor_id":null,"level":null,"bidirectional":false,"name":"Aschebergsgatan","highway":"tertiary","length_m":303.4,"dist_sensor_m":251.2,"confidence":0.604}},{"type":"Feature","geometry":{"type":"LineString","coordinates":[[11.9762705,57.694125],[11.9767503,57.6942872],[11.9769706,57.6941292],[11.9775169,57.6943288],[11.9776103,57.6943629]]},"properties":{"id":"1301362393_973134704_0","sensor_id":null,"level":null,"bidirectional":false,"name":"Terrassgatan","highway":"residential","length_m":101.7,"dist_sensor_m":49.0,"confidence":0.981}},{"type":"Feature","geometry":{"type":"LineString","coordinates":[[11.9873091,57.6942644],[11.9873017,57.6943365],[11.987248,57.6949865],[11.9872414,57.6950831],[11.9872413,57.695153],[11.9872415,57.6951808],[11.9872436,57.6952224],[11.9872571,57.6954019],[11.9872785,57.6954554],[11.9873649,57.6955191]]},"properties":{"id":"1304282393_60789851_0","sensor_id":null,"level":null,"bidirectional":false,"name":"Eklandagatan","highway":"tertiary","length_m":141.4,"dist_sensor_m":371.0,"confidence":0.332}},{"type":"Feature","geometry":{"type":"LineString","coordinates":[[11.9863335,57.6994755],[11.986296,57.6996117],[11.986286,57.6996446],[11.986275,57.6996811]]},"properties":{"id":"1305379743_1305379746_0","sensor_id":null,"level":null,"bidirectional":false,"name":"Sk\u00e5negatan","highway":"secondary","length_m":23.1,"dist_sensor_m":66.6,"confidence":0.965}},{"type":"Feature","geometry":{"type":"LineString","coordinates":[[11.986275,57.6996811],[11.9863012,57.6997488],[11.9863282,57.6998035],[11.9863567,57.6998405],[11.9864537,57.6998935],[11.9865029,57.6999119],[11.9866372,57.6999339],[11.986765,57.6999489],[11.9869894,57.7000021]]},"properties":{"id":"1305379746_60790253_0","sensor_id":null,"level":null,"bidirectional":false,"name":"Valhallagatan","highway":"unclassified","length_m":60.9,"dist_sensor_m":32.4,"confidence":0.992}},{"type":"Feature","geometry":{"type":"LineString","coordinates":[[11.986275,57.6996811],[11.9862284,57.6998301],[11.9862241,57.6998438]]},"properties":{"id":"1305379746_9037089316_0","sensor_id":null,"level":null,"bidirectional":false,"name":"Sk\u00e5negatan","highway":"secondary","length_m":18.3,"dist_sensor_m":56.2,"confidence":0.975}},{"type":"Feature","geometry":{"type":"LineString","coordinates":[[11.9848632,57.7000588],[11.9848951,57.6999943],[11.9850064,57.6999112],[11.9850775,57.699871],[11.9852052,57.6997951]]},"properties":{"id":"1305697326_14774902_0","sensor_id":null,"level":null,"bidirectional":false,"name":"Sten Sturegatan","highway":"residential","length_m":36.3,"dist_sensor_m":121.2,"confidence":0.889}},{"type":"Feature","geometry":{"type":"LineString","coordinates":[[11.9848632,57.7000588],[11.983788,57.7007724],[11.9833621,57.7010756],[11.9832921,57.7011254],[11.9832473,57.7011554],[11.9831519,57.701218]]},"properties":{"id":"1305697326_366911_0","sensor_id":null,"level":null,"bidirectional":false,"name":"Sten Sturegatan","highway":"residential","length_m":164.2,"dist_sensor_m":111.2,"confidence":0.906}},{"type":"Feature","geometry":{"type":"LineString","coordinates":[[11.9931853,57.697548],[11.9928054,57.6975177],[11.992424,57.6974852],[11.9920519,57.6974533],[11.9918013,57.6974264],[11.9914227,57.6973858],[11.9913021,57.6973729],[11.9912566,57.6973673],[11.9911363,57.6973525],[11.9908772,57.6973219],[11.9906752,57.6972943],[11.9903163,57.6972442],[11.9901028,57.697217],[11.9899442,57.6971951],[11.9897454,57.6971742],[11.9894705,57.6971503],[11.988929,57.6971068],[11.9886171,57.6970833],[11.9882311,57.6970514],[11.9881325,57.6970453],[11.9880321,57.6970434],[11.9879601,57.6970441],[11.9878924,57.6970476],[11.9877872,57.6970593],[11.9876998,57.6970733],[11.9876009,57.6970909]]},"properties":{"id":"1338661486_559960490_0","sensor_id":null,"level":null,"bidirectional":false,"name":"\u00d6rgrytev\u00e4gen","highway":"secondary","length_m":337.9,"dist_sensor_m":245.3,"confidence":0.618}},{"type":"Feature","geometry":{"type":"LineString","coordinates":[[11.9859673,57.6999918],[11.985795,57.6999886],[11.9857152,57.6999792]]},"properties":{"id":"1453741774_18241874_0","sensor_id":null,"level":null,"bidirectional":false,"name":"Burg\u00e5rdsplatsen","highway":"secondary","length_m":15.1,"dist_sensor_m":72.9,"confidence":0.958}},{"type":"Feature","geometry":{"type":"LineString","coordinates":[[11.9851363,57.704327],[11.985132,57.7044529]]},"properties":{"id":"1455778248_60786990_0","sensor_id":null,"level":null,"bidirectional":false,"name":"Sk\u00e5negatan","highway":"secondary","length_m":14.0,"dist_sensor_m":384.4,"confidence":0.307}},{"type":"Feature","geometry":{"type":"LineString","coordinates":[[11.9851363,57.704327],[11.9853388,57.7043438],[11.9858852,57.7044322],[11.9860987,57.7044819],[11.9863817,57.7045714]]},"properties":{"id":"1455778248_1455778254_0","sensor_id":null,"level":null,"bidirectional":false,"name":"Levgrensv\u00e4gen","highway":"unclassified","length_m":79.5,"dist_sensor_m":389.0,"confidence":0.298}},{"type":"Feature","geometry":{"type":"LineString","coordinates":[[11.9863817,57.7045714],[11.9859566,57.7045277],[11.9854614,57.7044776],[11.9853276,57.7044661],[11.985132,57.7044529]]},"properties":{"id":"1455778254_60786990_0","sensor_id":null,"level":null,"bidirectional":false,"name":"Levgrensv\u00e4gen","highway":"unclassified","length_m":75.4,"dist_sensor_m":396.0,"confidence":0.285}},{"type":"Feature","geometry":{"type":"LineString","coordinates":[[11.9847656,57.7042935],[11.9847922,57.70414],[11.9849356,57.7035692],[11.9850176,57.7032482],[11.9851062,57.7028677],[11.985211,57.7024841],[11.9852221,57.7024435],[11.9852844,57.7021945],[11.9853168,57.7020542]]},"properties":{"id":"1455778261_1463940578_0","sensor_id":null,"level":null,"bidirectional":false,"name":"Sk\u00e5negatan","highway":"secondary","length_m":251.2,"dist_sensor_m":251.1,"confidence":0.604}},{"type":"Feature","geometry":{"type":"LineString","coordinates":[[11.9847656,57.7042935],[11.9849382,57.7043096],[11.9849984,57.7043136],[11.9851363,57.704327]]},"properties":{"id":"1455778261_1455778248_0","sensor_id":null,"level":null,"bidirectional":false,"name":"Bohusgatan","highway":"unclassified","length_m":22.3,"dist_sensor_m":376.9,"confidence":0.321}},{"type":"Feature","geometry":{"type":"LineString","coordinates":[[11.9844566,57.7017532],[11.9840234,57.7015726],[11.9836499,57.7014343],[11.9833862,57.7013248],[11.9832845,57.7012865],[11.9831519,57.701218]]},"properties":{"id":"1455801454_366911_0","sensor_id":null,"level":null,"bidirectional":false,"name":"Engelbrektsgatan","highway":"tertiary","length_m":97.8,"dist_sensor_m":131.9,"confidence":0.87}},{"type":"Feature","geometry":{"type":"LineString","coordinates":[[11.9844566,57.7017532],[11.9846007,57.7017596],[11.9846758,57.7017704],[11.9849427,57.7018557],[11.9850911,57.7018879],[11.9851935,57.7019101],[11.9852438,57.7019185],[11.9853522,57.7019415]]},"properties":{"id":"1455801454_1455801464_0","sensor_id":null,"level":null,"bidirectional":false,"name":"Engelbrektsgatan","highway":"tertiary","length_m":57.8,"dist_sensor_m":112.6,"confidence":0.904}},{"type":"Feature","geometry":{"type":"LineString","coordinates":[[11.9853522,57.7019415],[11.9853837,57.701808],[11.9854825,57.7015511],[11.985512,57.7014766],[11.9855623,57.7012448],[11.9855958,57.7010721],[11.9856269,57.7008533],[11.9856447,57.7007358],[11.9857008,57.7004535],[11.9857038,57.7004385],[11.9857378,57.7003149],[11.9857451,57.7002826],[11.9857702,57.7001709],[11.9857793,57.7001306],[11.9857822,57.7001068],[11.985774,57.7000786],[11.9857601,57.7000412],[11.9857152,57.6999792]]},"properties":{"id":"1455801464_18241874_0","sensor_id":"107","level":"Total","bidirectional":true,"name":"Sk\u00e5negatan","highway":"secondary","length_m":220.6,"dist_sensor_m":15.0,"confidence":0.998}},{"type":"Feature","geometry":{"type":"LineString","coordinates":[[11.9853522,57.7019415],[11.9854658,57.7019794],[11.9855245,57.7020076],[11.9855572,57.7020231]]},"properties":{"id":"1455801464_9037093042_0","sensor_id":null,"level":null,"bidirectional":false,"name":"Engelbrektsgatan","highway":"tertiary","length_m":15.2,"dist_sensor_m":116.4,"confidence":0.897}},{"type":"Feature","geometry":{"type":"LineString","coordinates":[[11.9853168,57.7020542],[11.9853522,57.7019415]]},"properties":{"id":"1463940578_1455801464_0","sensor_id":null,"level":null,"bidirectional":false,"name":"Sk\u00e5negatan","highway":"secondary","length_m":12.7,"dist_sensor_m":119.5,"confidence":0.892}},{"type":"Feature","geometry":{"type":"LineString","coordinates":[[11.9853168,57.7020542],[11.9852151,57.7020451],[11.9851447,57.7020302],[11.9850546,57.702002],[11.9848646,57.7019244],[11.9846512,57.7018423],[11.9844566,57.7017532]]},"properties":{"id":"1463940578_1455801454_0","sensor_id":null,"level":null,"bidirectional":false,"name":"Engelbrektsgatan","highway":"tertiary","length_m":61.9,"dist_sensor_m":118.7,"confidence":0.893}},{"type":"Feature","geometry":{"type":"LineString","coordinates":[[11.9806147,57.7030969],[11.9806936,57.7031368],[11.9810933,57.7033051],[11.9815576,57.703501],[11.9820002,57.7036834],[11.9822401,57.7037844],[11.9823892,57.7038446],[11.9827402,57.7039795],[11.9829291,57.7040403],[11.9832276,57.7041186],[11.9833985,57.7041545],[11.9835488,57.7041786],[11.9836972,57.7041997],[11.9838514,57.7042217],[11.9840192,57.7042356],[11.9842434,57.7042526],[11.9843497,57.7042605],[11.9844203,57.7042657],[11.9845399,57.7042779],[11.9847656,57.7042935]]},"properties":{"id":"1704389476_1455778261_0","sensor_id":null,"level":null,"bidirectional":false,"name":"Bohusgatan","highway":"unclassified","length_m":286.6,"dist_sensor_m":356.3,"confidence":0.362}},{"type":"Feature","geometry":{"type":"LineString","coordinates":[[11.9806147,57.7030969],[11.9806012,57.7031333],[11.9805658,57.7031595],[11.9805318,57.7031826],[11.9804676,57.7032224],[11.9804061,57.7032487]]},"properties":{"id":"1704389476_1704389482_0","sensor_id":null,"level":null,"bidirectional":false,"name":"Sten Sturegatan","highway":"residential","length_m":21.5,"dist_sensor_m":399.1,"confidence":0.28}},{"type":"Feature","geometry":{"type":"LineString","coordinates":[[11.9805582,57.702997],[11.9805804,57.7030144],[11.9806031,57.7030399],[11.98061,57.7030757],[11.9806147,57.7030969]]},"properties":{"id":"1704389477_1704389476_0","sensor_id":null,"level":null,"bidirectional":false,"name":"Sten Sturegatan","highway":"residential","length_m":11.9,"dist_sensor_m":387.0,"confidence":0.302}},{"type":"Feature","geometry":{"type":"LineString","coordinates":[[11.9805582,57.702997],[11.9806,57.7029682],[11.9806465,57.7029362],[11.9807779,57.7028457],[11.9808963,57.7027648],[11.9811701,57.7025775],[11.9812748,57.7025044],[11.9813385,57.7024616],[11.9814237,57.7024045],[11.9814828,57.7023642],[11.9817127,57.7022066]]},"properties":{"id":"1704389477_60128120_0","sensor_id":null,"level":null,"bidirectional":false,"name":"Sten Sturegatan","highway":"residential","length_m":111.5,"dist_sensor_m":331.7,"confidence":0.415}},{"type":"Feature","geometry":{"type":"LineString","coordinates":[[11.9754676,57.6969039],[11.9750417,57.6972171],[11.9749933,57.697255]]},"properties":{"id":"1705153232_25734043_0","sensor_id":null,"level":null,"bidirectional":false,"name":"G\u00f6tabergsgatan","highway":"residential","length_m":48.2,"dist_sensor_m":310.1,"confidence":0.463}},{"type":"Feature","geometry":{"type":"LineString","coordinates":[[11.9811891,57.6979497],[11.9811018,57.6979999],[11.9810802,57.698011],[11.9809807,57.6980652]]},"properties":{"id":"1705153399_30420895_0","sensor_id":null,"level":null,"bidirectional":false,"name":"Johannebergsgatan","highway":"residential","length_m":17.8,"dist_sensor_m":329.3,"confidence":0.42}},{"type":"Feature","geometry":{"type":"LineString","coordinates":[[11.9909984,57.6987987],[11.9911647,57.6988192],[11.991275,57.6988621],[11.9913227,57.6989873],[11.9913672,57.6991721],[11.9913951,57.6993199],[11.9913968,57.699335],[11.9914562,57.6998602],[11.9915067,57.7001249],[11.9915076,57.7002412],[11.9914962,57.7003482]]},"properties":{"id":"1751665080_60790252_0","sensor_id":null,"level":null,"bidirectional":false,"name":"Sven Rydells Gata","highway":"unclassified","length_m":184.3,"dist_sensor_m":253.2,"confidence":0.599}},{"type":"Feature","geometry":{"type":"LineString","coordinates":[[11.9732127,57.693585],[11.9733456,57.6936276]]},"properties":{"id":"1759741980_91615277_0","sensor_id":null,"level":null,"bidirectional":false,"name":"L\u00e4raregatan","highway":"tertiary","length_m":9.2,"dist_sensor_m":56.8,"confidence":0.975}},{"type":"Feature","geometry":{"type":"LineString","coordinates":[[11.9732127,57.693585],[11.9731608,57.6935708],[11.9730049,57.6935287]]},"properties":{"id":"1759741980_26193194_0","sensor_id":null,"level":null,"bidirectional":false,"name":"L\u00e4raregatan","highway":"tertiary","length_m":13.8,"dist_sensor_m":68.3,"confidence":0.963}},{"type":"Feature","geometry":{"type":"LineString","coordinates":[[11.9812558,57.6961097],[11.9811809,57.6960764]]},"properties":{"id":"1809420231_96528278_0","sensor_id":null,"level":null,"bidirectional":false,"name":"Skyttegatan","highway":"residential","length_m":5.8,"dist_sensor_m":360.0,"confidence":0.355}},{"type":"Feature","geometry":{"type":"LineString","coordinates":[[11.979744,57.6994635],[11.9804992,57.6990856],[11.9807365,57.6989559],[11.9811627,57.698736],[11.9815405,57.6985594],[11.9816451,57.6985118],[11.9817184,57.6984798],[11.9818704,57.6984204]]},"properties":{"id":"1913168776_10248537886_0","sensor_id":null,"level":null,"bidirectional":false,"name":"S\u00f6dra V\u00e4gen","highway":"tertiary","length_m":171.7,"dist_sensor_m":354.6,"confidence":0.366}},{"type":"Feature","geometry":{"type":"LineString","coordinates":[[11.9828992,57.6989668],[11.9828757,57.698982],[11.982545,57.699206],[11.9822205,57.6994259],[11.9818538,57.6996743],[11.9816157,57.6998356],[11.9815816,57.6998587],[11.9812689,57.7000708],[11.9810077,57.7002556],[11.9809515,57.7002954]]},"properties":{"id":"1934023361_30420898_0","sensor_id":null,"level":null,"bidirectional":false,"name":"Wadmansgatan","highway":"residential","length_m":187.7,"dist_sensor_m":272.2,"confidence":0.553}},{"type":"Feature","geometry":{"type":"LineString","coordinates":[[11.9828992,57.6989668],[11.9829542,57.6989321],[11.9830286,57.6988829]]},"properties":{"id":"1934023361_30420904_0","sensor_id":null,"level":null,"bidirectional":false,"name":"Wadmansgatan","highway":"residential","length_m":12.1,"dist_sensor_m":231.1,"confidence":0.652}},{"type":"Feature","geometry":{"type":"LineString","coordinates":[[11.9784691,57.6970136],[11.9781137,57.6968693],[11.977779,57.6967303],[11.977663,57.6966815],[11.9775853,57.6966478]]},"properties":{"id":"2395027712_25734040_0","sensor_id":null,"level":null,"bidirectional":false,"name":"Viktor Rydbergsgatan","highway":"tertiary","length_m":66.4,"dist_sensor_m":299.7,"confidence":0.488}},{"type":"Feature","geometry":{"type":"LineString","coordinates":[[11.9784691,57.6970136],[11.9790048,57.6971871],[11.9791405,57.6972464],[11.9792275,57.6972875]]},"properties":{"id":"2395027712_135705883_0","sensor_id":null,"level":null,"bidirectional":false,"name":"Viktor Rydbergsgatan","highway":"tertiary","length_m":54.5,"dist_sensor_m":352.4,"confidence":0.37}},{"type":"Feature","geometry":{"type":"LineString","coordinates":[[11.9792078,57.6973634],[11.9792275,57.6972875]]},"properties":{"id":"2395027723_135705883_0","sensor_id":null,"level":null,"bidirectional":false,"name":"Kungsportsavenyen","highway":"residential","length_m":8.5,"dist_sensor_m":379.9,"confidence":0.315}},{"type":"Feature","geometry":{"type":"LineString","coordinates":[[11.9792078,57.6973634],[11.9790576,57.6973007],[11.9789287,57.697241],[11.9787633,57.6971564],[11.9784691,57.6970136]]},"properties":{"id":"2395027723_2395027712_0","sensor_id":null,"level":null,"bidirectional":false,"name":"Viktor Rydbergsgatan","highway":"tertiary","length_m":58.7,"dist_sensor_m":355.9,"confidence":0.363}},{"type":"Feature","geometry":{"type":"LineString","coordinates":[[11.9793487,57.6974282],[11.9792078,57.6973634]]},"properties":{"id":"2395027728_2395027723_0","sensor_id":null,"level":null,"bidirectional":false,"name":"Viktor Rydbergsgatan","highway":"tertiary","length_m":11.0,"dist_sensor_m":388.5,"confidence":0.299}},{"type":"Feature","geometry":{"type":"LineString","coordinates":[[11.9800031,57.697669],[11.9809807,57.6980652]]},"properties":{"id":"2395027738_30420895_0","sensor_id":null,"level":null,"bidirectional":false,"name":"Berzeliigatan","highway":"tertiary","length_m":72.9,"dist_sensor_m":365.7,"confidence":0.343}},{"type":"Feature","geometry":{"type":"LineString","coordinates":[[11.9733224,57.694785],[11.9734734,57.6948895],[11.9736062,57.6949427]]},"properties":{"id":"3396224374_105980631_0","sensor_id":null,"level":null,"bidirectional":false,"name":"Kapellgatan","highway":"residential","length_m":24.5,"dist_sensor_m":123.3,"confidence":0.885}},{"type":"Feature","geometry":{"type":"LineString","coordinates":[[11.9715832,57.6972605],[11.9718806,57.6972707],[11.9724017,57.6972906],[11.9731659,57.6973215],[11.9734976,57.6973367],[11.9737947,57.6973505],[11.9740114,57.6973946],[11.9741944,57.6974497],[11.9742948,57.6974863],[11.9745079,57.6975605]]},"properties":{"id":"3473721571_25734041_0","sensor_id":null,"level":null,"bidirectional":false,"name":"Engelbrektsgatan","highway":"tertiary","length_m":180.4,"dist_sensor_m":388.3,"confidence":0.299}},{"type":"Feature","geometry":{"type":"LineString","coordinates":[[11.9715832,57.6972605],[11.9716219,57.6972008],[11.9716804,57.6971331],[11.9717025,57.6971075],[11.9717485,57.6970543],[11.971893,57.696887],[11.9721928,57.6965487],[11.972274,57.6964608]]},"properties":{"id":"3473721571_30470414_0","sensor_id":null,"level":null,"bidirectional":false,"name":"Molinsgatan","highway":"residential","length_m":98.0,"dist_sensor_m":363.3,"confidence":0.348}},{"type":"Feature","geometry":{"type":"LineString","coordinates":[[11.9856794,57.7019313],[11.9856279,57.7021291]]},"properties":{"id":"3575001205_3575001214_0","sensor_id":null,"level":null,"bidirectional":false,"name":"Sk\u00e5negatan","highway":"secondary","length_m":22.2,"dist_sensor_m":120.3,"confidence":0.891}},{"type":"Feature","geometry":{"type":"LineString","coordinates":[[11.9856794,57.7019313],[11.9856186,57.7019915],[11.9855572,57.7020231]]},"properties":{"id":"3575001205_9037093042_0","sensor_id":null,"level":null,"bidirectional":false,"name":"Engelbrektsgatan","highway":"tertiary","length_m":12.7,"dist_sensor_m":114.6,"confidence":0.9}},{"type":"Feature","geometry":{"type":"LineString","coordinates":[[11.9856279,57.7021291],[11.9855113,57.7025669],[11.9854007,57.7030025],[11.9852582,57.7036121],[11.9852064,57.7038767],[11.9851999,57.703914],[11.9851636,57.7041239],[11.9851583,57.7041662],[11.9851363,57.704327]]},"properties":{"id":"3575001214_1455778248_0","sensor_id":null,"level":null,"bidirectional":false,"name":"Sk\u00e5negatan","highway":"secondary","length_m":246.2,"dist_sensor_m":254.4,"confidence":0.596}},{"type":"Feature","geometry":{"type":"LineString","coordinates":[[11.9850723,57.696324],[11.9847272,57.6964383],[11.9833802,57.6968745]]},"properties":{"id":"5162863585_30420893_0","sensor_id":null,"level":null,"bidirectional":false,"name":"Johannebergsgatan","highway":"residential","length_m":117.7,"dist_sensor_m":228.1,"confidence":0.659}},{"type":"Feature","geometry":{"type":"LineString","coordinates":[[11.987962,57.6955264],[11.987991,57.6954001],[11.9879945,57.6953881],[11.9880044,57.6953557],[11.988046,57.6952675],[11.9881094,57.6951722],[11.9881463,57.6951353],[11.9884841,57.6947975],[11.9886869,57.6945688],[11.9888118,57.6944551]]},"properties":{"id":"7532496128_301653130_0","sensor_id":null,"level":null,"bidirectional":false,"name":"S\u00f6dra V\u00e4gen","highway":"secondary","length_m":130.6,"dist_sensor_m":372.7,"confidence":0.329}},{"type":"Feature","geometry":{"type":"LineString","coordinates":[[11.987962,57.6955264],[11.9880152,57.6955269],[11.9880631,57.6955345],[11.9881064,57.6955413],[11.9881198,57.6955489],[11.9881567,57.6955697]]},"properties":{"id":"7532496128_7532496138_0","sensor_id":null,"level":null,"bidirectional":false,"name":"Eklandagatan","highway":"tertiary","length_m":13.2,"dist_sensor_m":307.8,"confidence":0.469}},{"type":"Feature","geometry":{"type":"LineString","coordinates":[[11.9881828,57.6956467],[11.9881333,57.6957397],[11.9880958,57.6958208],[11.9880523,57.6960203],[11.9879389,57.6965267],[11.9879193,57.6966472],[11.987909,57.6967339]]},"properties":{"id":"7532496129_7532496152_0","sensor_id":null,"level":null,"bidirectional":false,"name":"Korsv\u00e4gen","highway":"secondary","length_m":122.2,"dist_sensor_m":239.8,"confidence":0.631}},{"type":"Feature","geometry":{"type":"LineString","coordinates":[[11.9881567,57.6955697],[11.9881111,57.6955814],[11.9880516,57.6955932],[11.9879505,57.6955954]]},"properties":{"id":"7532496138_7532496168_0","sensor_id":null,"level":null,"bidirectional":false,"name":"Eklandagatan","highway":"tertiary","length_m":12.8,"dist_sensor_m":304.0,"confidence":0.477}},{"type":"Feature","geometry":{"type":"LineString","coordinates":[[11.9881567,57.6955697],[11.9881761,57.6955807],[11.9881828,57.6956467]]},"properties":{"id":"7532496138_7532496129_0","sensor_id":null,"level":null,"bidirectional":false,"name":"Eklandagatan","highway":"tertiary","length_m":9.0,"dist_sensor_m":303.3,"confidence":0.479}},{"type":"Feature","geometry":{"type":"LineString","coordinates":[[11.987909,57.6967339],[11.9879393,57.6967613],[11.9879728,57.696792],[11.9880271,57.696824],[11.9880846,57.6968527],[11.9881557,57.6968762],[11.988236,57.6968906],[11.9885734,57.6969435],[11.9894206,57.6970164],[11.9900158,57.6970651],[11.9907536,57.6971126],[11.9910576,57.6971395],[11.9910935,57.6971426],[11.9912211,57.6971539],[11.9914444,57.6971774],[11.99179,57.697217],[11.9922316,57.6972856],[11.9923636,57.6973032],[11.9926014,57.6973303],[11.9929904,57.6973662],[11.9930859,57.6973714],[11.9931919,57.6973703],[11.9933058,57.6973649],[11.9934025,57.6973608],[11.9936473,57.6973566]]},"properties":{"id":"7532496152_1338661557_0","sensor_id":null,"level":null,"bidirectional":false,"name":"\u00d6rgrytev\u00e4gen","highway":"secondary","length_m":353.9,"dist_sensor_m":279.1,"confidence":0.536}},{"type":"Feature","geometry":{"type":"LineString","coordinates":[[11.987909,57.6967339],[11.9878799,57.6967944],[11.9878368,57.69685],[11.9878197,57.6968729],[11.9877792,57.6969231],[11.9877453,57.696952],[11.9876939,57.6970034],[11.9876568,57.6970369],[11.9876009,57.6970909]]},"properties":{"id":"7532496152_559960490_0","sensor_id":null,"level":null,"bidirectional":false,"name":"Korsv\u00e4gen","highway":"secondary","length_m":43.9,"dist_sensor_m":159.0,"confidence":0.817}},{"type":"Feature","geometry":{"type":"LineString","coordinates":[[11.9883735,57.6951483],[11.9883678,57.6952043],[11.9883572,57.6952576],[11.9883171,57.6953824],[11.988303,57.6954116],[11.9882603,57.6955165],[11.9881828,57.6956467]]},"properties":{"id":"7532496160_7532496129_0","sensor_id":null,"level":null,"bidirectional":false,"name":"Korsv\u00e4gen","highway":"secondary","length_m":56.8,"dist_sensor_m":327.6,"confidence":0.424}},{"type":"Feature","geometry":{"type":"LineString","coordinates":[[11.9883735,57.6951483],[11.9883096,57.6952352],[11.9882675,57.6953782],[11.9882515,57.6954084],[11.9882418,57.6954352],[11.988211,57.6955291],[11.9881567,57.6955697]]},"properties":{"id":"7532496160_7532496138_0","sensor_id":null,"level":null,"bidirectional":false,"name":"Eklandagatan","highway":"tertiary","length_m":49.2,"dist_sensor_m":331.4,"confidence":0.415}},{"type":"Feature","geometry":{"type":"LineString","coordinates":[[11.9879505,57.6955954],[11.987962,57.6955264]]},"properties":{"id":"7532496168_7532496128_0","sensor_id":null,"level":null,"bidirectional":false,"name":"Korsv\u00e4gen","highway":"secondary","length_m":7.7,"dist_sensor_m":304.8,"confidence":0.476}},{"type":"Feature","geometry":{"type":"LineString","coordinates":[[11.9879505,57.6955954],[11.9879307,57.6955958],[11.9877979,57.6955929],[11.9877526,57.6955919],[11.987641,57.6955821],[11.987527,57.6955728],[11.9873649,57.6955191]]},"properties":{"id":"7532496168_60789851_0","sensor_id":null,"level":null,"bidirectional":false,"name":"Eklandagatan","highway":"tertiary","length_m":36.7,"dist_sensor_m":301.0,"confidence":0.484}},{"type":"Feature","geometry":{"type":"LineString","coordinates":[[11.9860156,57.6966433],[11.9861716,57.6966531],[11.9863321,57.6966658],[11.9863459,57.696667],[11.9870751,57.6967302],[11.9873419,57.6967475],[11.9874438,57.6967339],[11.9875215,57.6967144],[11.9875914,57.6966823],[11.9876745,57.6966385],[11.9877255,57.6965869],[11.9877537,57.6965325],[11.9877612,57.6965104],[11.9877872,57.6964336],[11.9878841,57.696004],[11.9879106,57.6958867],[11.987936,57.6957334],[11.9879505,57.6955954]]},"properties":{"id":"7532496182_7532496168_0","sensor_id":null,"level":null,"bidirectional":false,"name":"Korsv\u00e4gen","highway":"secondary","length_m":221.1,"dist_sensor_m":233.1,"confidence":0.648}},{"type":"Feature","geometry":{"type":"LineString","coordinates":[[11.9859855,57.6968108],[11.9858856,57.6968187],[11.9858498,57.6968247],[11.9857982,57.696834],[11.9857135,57.6968542],[11.9856851,57.6968635],[11.9855433,57.6969099],[11.9848739,57.6971686],[11.9842346,57.6974023]]},"properties":{"id":"7532496188_8722747991_0","sensor_id":null,"level":null,"bidirectional":false,"name":"S\u00f6dra V\u00e4gen","highway":"tertiary","length_m":124.0,"dist_sensor_m":151.4,"confidence":0.832}},{"type":"Feature","geometry":{"type":"LineString","coordinates":[[11.9859855,57.6968108],[11.9859931,57.6967764],[11.9860037,57.6967215],[11.9860156,57.6966433]]},"properties":{"id":"7532496188_7532496182_0","sensor_id":null,"level":null,"bidirectional":false,"name":"Korsv\u00e4gen","highway":"secondary","length_m":18.7,"dist_sensor_m":168.4,"confidence":0.797}},{"type":"Feature","geometry":{"type":"LineString","coordinates":[[11.9730551,57.6898331],[11.973141,57.6898451],[11.9732841,57.6898933],[11.9734085,57.6899351],[11.9734957,57.6899606],[11.9735529,57.689979],[11.9735949,57.6899978],[11.9736244,57.6900178],[11.9736432,57.690038],[11.9736601,57.6900679],[11.9736607,57.6901014],[11.9736423,57.6901601],[11.9736283,57.6902116],[11.9736063,57.6902652],[11.9736087,57.6903004],[11.9736332,57.6903931],[11.9736432,57.6904718],[11.9737814,57.6913601],[11.9738115,57.6915884],[11.9738542,57.6919796],[11.9738619,57.6920413],[11.9738899,57.6923926],[11.9738942,57.6924437],[11.9738897,57.692471],[11.9738763,57.6925504]]},"properties":{"id":"8709855498_91615275_0","sensor_id":null,"level":null,"bidirectional":false,"name":"Guldhedsgatan","highway":"tertiary","length_m":323.0,"dist_sensor_m":294.7,"confidence":0.499}},{"type":"Feature","geometry":{"type":"LineString","coordinates":[[11.9737601,57.6928712],[11.9736986,57.6930111],[11.9736107,57.6931953],[11.9734896,57.6934062],[11.9734639,57.693451],[11.9733456,57.6936276]]},"properties":{"id":"8710974792_91615277_0","sensor_id":null,"level":null,"bidirectional":false,"name":"Aschebergsgatan","highway":"tertiary","length_m":87.7,"dist_sensor_m":72.4,"confidence":0.959}},{"type":"Feature","geometry":{"type":"LineString","coordinates":[[11.9737601,57.6928712],[11.9737209,57.6929246],[11.9736814,57.6929818],[11.9736466,57.6930284],[11.9735782,57.6931596],[11.9734387,57.6934054],[11.9734175,57.693443],[11.9733703,57.6935273],[11.9733368,57.6935606],[11.9732966,57.6935774],[11.9732127,57.693585]]},"properties":{"id":"8710974792_1759741980_0","sensor_id":null,"level":null,"bidirectional":false,"name":"Aschebergsgatan","highway":"tertiary","length_m":88.9,"dist_sensor_m":76.4,"confidence":0.954}},{"type":"Feature","geometry":{"type":"LineString","coordinates":[[11.9796529,57.6996857],[11.9797497,57.6997506],[11.9799998,57.6998833],[11.9800967,57.699925]]},"properties":{"id":"8722747921_8722747939_0","sensor_id":null,"level":null,"bidirectional":false,"name":"Engelbrektsgatan","highway":"tertiary","length_m":37.6,"dist_sensor_m":373.5,"confidence":0.328}},{"type":"Feature","geometry":{"type":"LineString","coordinates":[[11.9795481,57.6996042],[11.9796529,57.6996857]]},"properties":{"id":"8722747922_8722747921_0","sensor_id":null,"level":null,"bidirectional":false,"name":"Engelbrektsgatan","highway":"tertiary","length_m":11.0,"dist_sensor_m":395.1,"confidence":0.287}},{"type":"Feature","geometry":{"type":"LineString","coordinates":[[11.9795481,57.6996042],[11.9795813,57.6995793],[11.9796269,57.6995413],[11.979744,57.6994635]]},"properties":{"id":"8722747922_1913168776_0","sensor_id":null,"level":null,"bidirectional":false,"name":"S\u00f6dra V\u00e4gen","highway":"tertiary","length_m":19.5,"dist_sensor_m":397.3,"confidence":0.283}},{"type":"Feature","geometry":{"type":"LineString","coordinates":[[11.9800967,57.699925],[11.9809515,57.7002954]]},"properties":{"id":"8722747939_30420898_0","sensor_id":null,"level":null,"bidirectional":false,"name":"Engelbrektsgatan","highway":"tertiary","length_m":65.4,"dist_sensor_m":326.3,"confidence":0.427}},{"type":"Feature","geometry":{"type":"LineString","coordinates":[[11.9800967,57.699925],[11.979962,57.6999008],[11.9798609,57.699881],[11.9797837,57.6998596],[11.9797228,57.6998322],[11.9796594,57.6998044],[11.9795363,57.6997395],[11.9794157,57.6996748]]},"properties":{"id":"8722747939_8722747919_0","sensor_id":null,"level":null,"bidirectional":false,"name":"Engelbrektsgatan","highway":"tertiary","length_m":50.0,"dist_sensor_m":380.4,"confidence":0.314}},{"type":"Feature","geometry":{"type":"LineString","coordinates":[[11.9833503,57.6976997],[11.9834558,57.6976411],[11.9836004,57.6975695]]},"properties":{"id":"8722747968_8722747971_0","sensor_id":null,"level":null,"bidirectional":false,"name":"S\u00f6dra V\u00e4gen","highway":"tertiary","length_m":20.8,"dist_sensor_m":197.0,"confidence":0.733}},{"type":"Feature","geometry":{"type":"LineString","coordinates":[[11.9833503,57.6976997],[11.9833638,57.6975978],[11.9833717,57.6975437],[11.9834013,57.6974997]]},"properties":{"id":"8722747968_8722747976_0","sensor_id":null,"level":null,"bidirectional":false,"name":"Olof Wijksgatan","highway":"residential","length_m":22.6,"dist_sensor_m":203.9,"confidence":0.717}},{"type":"Feature","geometry":{"type":"LineString","coordinates":[[11.9836004,57.6975695],[11.983762,57.6974869],[11.9840044,57.6974],[11.9852214,57.6969359],[11.9855713,57.6967771],[11.9856016,57.6967633],[11.9857067,57.6967206],[11.9858311,57.6966752],[11.9858838,57.6966592],[11.9859451,57.6966436],[11.9860156,57.6966433]]},"properties":{"id":"8722747971_7532496182_0","sensor_id":null,"level":null,"bidirectional":false,"name":"S\u00f6dra V\u00e4gen","highway":"tertiary","length_m":177.7,"dist_sensor_m":162.7,"confidence":0.809}},{"type":"Feature","geometry":{"type":"LineString","coordinates":[[11.9834013,57.6974997],[11.9833993,57.6974439],[11.9833802,57.6968745]]},"properties":{"id":"8722747976_30420893_0","sensor_id":null,"level":null,"bidirectional":false,"name":"Olof Wijksgatan","highway":"residential","length_m":69.5,"dist_sensor_m":222.5,"confidence":0.673}},{"type":"Feature","geometry":{"type":"LineString","coordinates":[[11.9834013,57.6974997],[11.9834186,57.6975288],[11.9834673,57.6975558],[11.9834913,57.6975692],[11.9835395,57.6975749],[11.9836004,57.6975695]]},"properties":{"id":"8722747976_8722747971_0","sensor_id":null,"level":null,"bidirectional":false,"name":"Olof Wijksgatan","highway":"residential","length_m":16.2,"dist_sensor_m":199.5,"confidence":0.727}},{"type":"Feature","geometry":{"type":"LineString","coordinates":[[11.9842346,57.6974023],[11.983842,57.6975687],[11.9835772,57.6976981],[11.9832296,57.6978699],[11.9832377,57.6979068],[11.9832624,57.6979371],[11.9840246,57.6982513],[11.984152,57.6982742],[11.9848763,57.6985667],[11.9849974,57.6986616]]},"properties":{"id":"8722747991_30420758_0","sensor_id":null,"level":null,"bidirectional":false,"name":"S\u00f6dra V\u00e4gen","highway":"tertiary","length_m":218.9,"dist_sensor_m":120.3,"confidence":0.891}},{"type":"Feature","geometry":{"type":"LineString","coordinates":[[11.9855181,57.6999262],[11.9853201,57.6998433],[11.9852052,57.6997951]]},"properties":{"id":"9037089313_14774902_0","sensor_id":null,"level":null,"bidirectional":false,"name":"Burg\u00e5rdsplatsen","highway":"tertiary","length_m":23.6,"dist_sensor_m":102.8,"confidence":0.919}},{"type":"Feature","geometry":{"type":"LineString","coordinates":[[11.9855181,57.6999262],[11.9853672,57.6999161],[11.9853014,57.6999173],[11.9852284,57.6999284],[11.9850098,57.7000122],[11.9849769,57.700029],[11.9848632,57.7000588]]},"properties":{"id":"9037089313_1305697326_0","sensor_id":null,"level":null,"bidirectional":false,"name":null,"highway":"unclassified","length_m":43.7,"dist_sensor_m":111.5,"confidence":0.905}},{"type":"Feature","geometry":{"type":"LineString","coordinates":[[11.9862241,57.6998438],[11.9861859,57.699985]]},"properties":{"id":"9037089316_60786979_0","sensor_id":null,"level":null,"bidirectional":false,"name":"Sk\u00e5negatan","highway":"secondary","length_m":15.9,"dist_sensor_m":52.5,"confidence":0.978}},{"type":"Feature","geometry":{"type":"LineString","coordinates":[[11.9862241,57.6998438],[11.9861635,57.6999062],[11.9861168,57.6999358],[11.9860493,57.6999672],[11.9860326,57.6999722],[11.9859673,57.6999918]]},"properties":{"id":"9037089316_1453741774_0","sensor_id":null,"level":null,"bidirectional":false,"name":"Burg\u00e5rdsplatsen","highway":"secondary","length_m":23.0,"dist_sensor_m":58.8,"confidence":0.973}},{"type":"Feature","geometry":{"type":"LineString","coordinates":[[11.9857901,57.6994258],[11.9858574,57.6994127],[11.985919,57.6994063],[11.9860196,57.6993971],[11.9860659,57.6993991],[11.9861249,57.699407],[11.9861772,57.6994231],[11.986268,57.699453],[11.9863335,57.6994755]]},"properties":{"id":"9037093028_1305379743_0","sensor_id":null,"level":null,"bidirectional":false,"name":"Burg\u00e5rdsplatsen","highway":"secondary","length_m":35.0,"dist_sensor_m":86.8,"confidence":0.942}},{"type":"Feature","geometry":{"type":"LineString","coordinates":[[11.9857901,57.6994258],[11.9858826,57.6993478],[11.9859988,57.6992454],[11.9860394,57.6992059],[11.9860853,57.6991544],[11.9861242,57.6991006],[11.986149,57.6990505],[11.9861678,57.6990028],[11.9861772,57.6989741]]},"properties":{"id":"9037093028_30420757_0","sensor_id":null,"level":null,"bidirectional":false,"name":"Sk\u00e5negatan","highway":"secondary","length_m":55.8,"dist_sensor_m":111.3,"confidence":0.906}},{"type":"Feature","geometry":{"type":"LineString","coordinates":[[11.9855572,57.7020231],[11.9855763,57.7020527],[11.9856036,57.7020947],[11.9856279,57.7021291]]},"properties":{"id":"9037093042_3575001214_0","sensor_id":null,"level":null,"bidirectional":false,"name":"Engelbrektsgatan","highway":"tertiary","length_m":12.5,"dist_sensor_m":125.7,"confidence":0.881}},{"type":"Feature","geometry":{"type":"LineString","coordinates":[[11.9855572,57.7020231],[11.985518,57.7020312],[11.9854519,57.7020411],[11.9853168,57.7020542]]},"properties":{"id":"9037093042_1463940578_0","sensor_id":null,"level":null,"bidirectional":false,"name":"Engelbrektsgatan","highway":"tertiary","length_m":14.7,"dist_sensor_m":122.8,"confidence":0.886}},{"type":"Feature","geometry":{"type":"LineString","coordinates":[[11.98562,57.6995339],[11.9857901,57.6994258]]},"properties":{"id":"9439210780_9037093028_0","sensor_id":null,"level":null,"bidirectional":false,"name":"Burg\u00e5rdsplatsen","highway":"secondary","length_m":15.7,"dist_sensor_m":100.6,"confidence":0.922}},{"type":"Feature","geometry":{"type":"LineString","coordinates":[[11.9818704,57.6984204],[11.9819543,57.6983841],[11.9820541,57.6983451],[11.9821141,57.6983242],[11.9832677,57.6977618],[11.9833143,57.6977323],[11.9833503,57.6976997]]},"properties":{"id":"10248537886_8722747968_0","sensor_id":null,"level":null,"bidirectional":false,"name":"S\u00f6dra V\u00e4gen","highway":"tertiary","length_m":119.3,"dist_sensor_m":238.4,"confidence":0.635}},{"type":"Feature","geometry":{"type":"LineString","coordinates":[[11.9818704,57.6984204],[11.9819084,57.6984352],[11.9819471,57.6984523],[11.981994,57.6984731],[11.9820623,57.6984955]]},"properties":{"id":"10248537886_60789862_0","sensor_id":null,"level":null,"bidirectional":false,"name":"Berzeliigatan","highway":"tertiary","length_m":14.2,"dist_sensor_m":277.6,"confidence":0.54}},{"type":"Feature","geometry":{"type":"LineString","coordinates":[[11.9818704,57.6984204],[11.9817592,57.6983786],[11.9816701,57.6983426],[11.981561,57.698298],[11.9813909,57.6982302],[11.9809807,57.6980652]]},"properties":{"id":"10248537886_30420895_0","sensor_id":null,"level":null,"bidirectional":false,"name":"Berzeliigatan","highway":"tertiary","length_m":66.0,"dist_sensor_m":308.3,"confidence":0.467}},{"type":"Feature","geometry":{"type":"LineString","coordinates":[[11.9712387,57.6966212],[11.9712706,57.6966157],[11.971681,57.696509],[11.9718961,57.6964633],[11.9720552,57.6964495],[11.972088,57.6964495],[11.9721553,57.6964494],[11.972274,57.6964608]]},"properties":{"id":"12688035190_30470414_0","sensor_id":null,"level":null,"bidirectional":false,"name":"Vasa Kyrkogata","highway":"residential","length_m":65.6,"dist_sensor_m":334.6,"confidence":0.408}}]}